ATT&CK Mitigation ID,ATT&CK Mitigation Name,ATT&CK Mitigation Description,STIX ID,URL,Created,Last Modified,Domain,Version,Type
M0800,Authorization Enforcement,"The device or system should restrict read, manipulate, or execute privileges to only authenticated users who require access based on approved security policies.  Role-based Access Control (RBAC) schemes can help reduce the overhead of assigning permission",course-of-action--e0d38502-decb-481d-ad8b-b8f0a0c330bd,https://attack.mitre.org/mitigations/M0800,11 September 2020,20 October 2023,ics-attack,1.1,Industrial Control Systems
M0801,Access Management,"Access Management technologies can be used to enforce authorization polices and decisions, especially when existing field devices do not provided sufficient capabilities to support user identification and authentication. (Citation: McCarthy, J et al. July",course-of-action--3992ce42-43e9-4bea-b8db-a102ec3ec1e3,https://attack.mitre.org/mitigations/M0801,11 September 2020,19 September 2023,ics-attack,1.0,Industrial Control Systems
M0802,Communication Authenticity,"When communicating over an untrusted network, utilize secure network protocols that both authenticate the message sender and can verify its integrity. This can be done either through message authentication codes (MACs) or digital signatures, to detect spo",course-of-action--c7257b6e-4159-4771-b1f3-2bb93adaecac,https://attack.mitre.org/mitigations/M0802,11 September 2020,19 September 2023,ics-attack,1.0,Industrial Control Systems
M0803,Data Loss Prevention,"Data Loss Prevention (DLP) technologies can be used to help identify adversarial attempts to exfiltrate operational information, such as engineering plans, trade secrets, recipes, intellectual property, or process telemetry. DLP functionality may be built",course-of-action--337c4e2a-21a7-4d9a-bfee-9efd6cebf0e5,https://attack.mitre.org/mitigations/M0803,11 September 2020,30 March 2023,ics-attack,1.0,Industrial Control Systems
M0804,Human User Authentication,"Require user authentication before allowing access to data or accepting commands to a device. While strong multi-factor authentication is preferable, it is not always feasible within ICS environments. Performing strong user authentication also requires ad",course-of-action--66cfe23e-34b6-4583-b178-ed6a412db2b0,https://attack.mitre.org/mitigations/M0804,11 September 2020,20 October 2023,ics-attack,1.1,Industrial Control Systems
M0805,Mechanical Protection Layers,"Utilize a layered protection design based on physical or mechanical protection systems to prevent damage to property, equipment, human safety, or the environment. Examples include interlocks, rupture disk, release values, etc. (Citation: A G Foord, W G Gu",course-of-action--8bc4a54e-810c-4600-8b6c-08fa8413a401,https://attack.mitre.org/mitigations/M0805,11 September 2020,24 October 2022,ics-attack,1.0,Industrial Control Systems
M0806,Minimize Wireless Signal Propagation,"Wireless signals frequently propagate outside of organizational boundaries, which provide opportunities for adversaries to monitor or gain unauthorized access to the wireless network. (Citation: CISA March 2010) To minimize this threat, organizations shou",course-of-action--fce6866f-9a87-4d3e-a73c-f02d8937fe0e,https://attack.mitre.org/mitigations/M0806,11 September 2020,19 September 2023,ics-attack,1.0,Industrial Control Systems
M0807,Network Allowlists,"Network allowlists can be implemented through either host-based files or system hosts files to specify what connections (e.g., IP address, MAC address, port, protocol) can be made from a device. Allowlist techniques that operate at the  application layer",course-of-action--aadac250-bcdc-44e3-a4ae-f52bd0a7a16a,https://attack.mitre.org/mitigations/M0807,10 June 2019,19 September 2023,ics-attack,1.0,Industrial Control Systems
M0808,Encrypt Network Traffic,Utilize strong cryptographic techniques and protocols to prevent eavesdropping on network communications.,course-of-action--7f153c28-e5f1-4764-88fb-eea1d9b0ad4a,https://attack.mitre.org/mitigations/M0808,11 September 2020,19 September 2023,ics-attack,1.0,Industrial Control Systems
M0809,Operational Information Confidentiality,"Deploy mechanisms to protect the confidentiality of information related to operational processes, facility locations, device configurations, programs, or databases that may have information that can be used to infer organizational trade-secrets, recipes,",course-of-action--99c746d7-a08a-4169-94f9-b8c0dad716fa,https://attack.mitre.org/mitigations/M0809,06 June 2019,30 March 2023,ics-attack,1.0,Industrial Control Systems
M0810,Out-of-Band Communications Channel,Have alternative methods to support communication requirements during communication failures and data integrity attacks. (Citation: National Institute of Standards and Technology April 2013) (Citation: Defense Advanced Research Projects Agency),course-of-action--b11cad63-ef30-4eb8-af0d-6cc46eef3f3e,https://attack.mitre.org/mitigations/M0810,06 June 2019,19 September 2023,ics-attack,1.0,Industrial Control Systems
M0811,Redundancy of Service,"Redundancy could be provided for both critical ICS devices and services, such as back-up devices or hot-standbys.",course-of-action--f0f5c87a-a58d-440a-b3b5-ca679d98c6dd,https://attack.mitre.org/mitigations/M0811,06 June 2019,19 September 2023,ics-attack,1.0,Industrial Control Systems
M0812,Safety Instrumented Systems,"Utilize Safety Instrumented Systems (SIS) to provide an additional layer of protection to hazard scenarios that may cause property damage. A SIS will typically include sensors, logic solvers, and a final control element that can be used to automatically r",course-of-action--da44255d-85c5-492c-baf3-ee823d44f848,https://attack.mitre.org/mitigations/M0812,06 June 2019,24 October 2022,ics-attack,1.0,Industrial Control Systems
M0813,Software Process and Device Authentication,"Require the authentication of devices and software processes where appropriate. Devices that connect remotely to other systems should require strong authentication to prevent spoofing of communications. Furthermore, software processes should also require",course-of-action--72e46e53-e12d-4106-9c70-33241b6ed549,https://attack.mitre.org/mitigations/M0813,06 June 2019,20 September 2023,ics-attack,1.0,Industrial Control Systems
M0814,Static Network Configuration,"Configure hosts and devices to use static network configurations when possible, protocols that require dynamic discovery/addressing (e.g., ARP, DHCP, DNS) can be used to manipulate network message forwarding and enable various AiTM attacks. This mitigatio",course-of-action--52c7a1a9-3a78-4528-a44f-cd7b0fa3541a,https://attack.mitre.org/mitigations/M0814,06 June 2019,20 September 2023,ics-attack,1.1,Industrial Control Systems
M0815,Watchdog Timers,Utilize watchdog timers to ensure devices can quickly detect whether a system is unresponsive.,course-of-action--98aa0d61-fc9d-4b2d-8f18-b25d03549f53,https://attack.mitre.org/mitigations/M0815,06 June 2019,30 March 2023,ics-attack,1.0,Industrial Control Systems
M0816,Mitigation Limited or Not Effective,This type of attack technique cannot be easily mitigated with preventative controls since it is based on the abuse of system features.,course-of-action--469b78dd-a54d-4f7c-8c3b-4a1dd916b433,https://attack.mitre.org/mitigations/M0816,11 September 2020,24 October 2022,ics-attack,1.0,Industrial Control Systems
M0817,Supply Chain Management,"Implement a supply chain management program, including policies and procedures to ensure all devices and components originate from a trusted supplier and are tested to verify their integrity.",course-of-action--ac8f3492-7fbb-4a0a-b0b4-b75ec676136c,https://attack.mitre.org/mitigations/M0817,12 April 2021,20 September 2023,ics-attack,1.0,Industrial Control Systems
M0818,Validate Program Inputs,Devices and programs designed to interact with control system parameters should validate the format and content of all user inputs and actions to ensure the values are within intended operational ranges. These values should be evaluated and further enforc,course-of-action--1cbcceef-3233-4062-aa86-ec91afe39517,https://attack.mitre.org/mitigations/M0818,22 March 2023,20 September 2023,ics-attack,1.0,Industrial Control Systems
M0913,Application Developer Guidance,This mitigation describes any guidance or training given to developers of applications to avoid introducing security weaknesses that an adversary may be able to take advantage of.,course-of-action--8a3aadd0-b5f4-433a-800e-4893e4196bb7,https://attack.mitre.org/mitigations/M0913,25 October 2017,19 September 2023,ics-attack,1.0,Industrial Control Systems
M0915,Active Directory Configuration,"Configure Active Directory to prevent use of certain techniques; use security identifier (SID) Filtering, etc.",course-of-action--2f0160b7-e982-49d7-9612-f19b810f1722,https://attack.mitre.org/mitigations/M0915,06 June 2019,24 October 2022,ics-attack,1.0,Industrial Control Systems
M0916,Vulnerability Scanning,Vulnerability scanning is used to find potentially exploitable software vulnerabilities to remediate them.,course-of-action--de0bc375-50e1-4e26-a342-a8ff8c9d3037,https://attack.mitre.org/mitigations/M0916,06 June 2019,20 September 2023,ics-attack,1.0,Industrial Control Systems
M0917,User Training,"Train users to be aware of access or manipulation attempts by an adversary to reduce the risk of successful spearphishing, social engineering, and other techniques that involve user interaction.",course-of-action--dc61c280-c29d-44e5-a960-c0dd1623d2ba,https://attack.mitre.org/mitigations/M0917,06 June 2019,20 September 2023,ics-attack,1.0,Industrial Control Systems
M0918,User Account Management,"Manage the creation, modification, use, and permissions associated to user accounts.",course-of-action--e57ebc6d-785f-40c8-adb1-b5b5e09b3b48,https://attack.mitre.org/mitigations/M0918,06 June 2019,20 September 2023,ics-attack,1.0,Industrial Control Systems
M0919,Threat Intelligence Program,A threat intelligence program helps an organization generate their own threat intelligence information and track trends to inform defensive priorities to mitigate risk.,course-of-action--d48b79b2-076d-483e-949c-0d38aa347499,https://attack.mitre.org/mitigations/M0919,06 June 2019,24 October 2022,ics-attack,1.0,Industrial Control Systems
M0920,SSL/TLS Inspection,Break and inspect SSL/TLS sessions to look at encrypted web traffic for adversary activity.,course-of-action--6a02e38a-9629-40c0-8c7d-e98e3470315c,https://attack.mitre.org/mitigations/M0920,06 June 2019,24 October 2022,ics-attack,1.0,Industrial Control Systems
M0921,Restrict Web-Based Content,"Restrict use of certain websites, block downloads/attachments, block Javascript, restrict browser extensions, etc.",course-of-action--143b4398-3222-480a-b6a4-e131bc2d3144,https://attack.mitre.org/mitigations/M0921,06 June 2019,20 September 2023,ics-attack,1.0,Industrial Control Systems
M0922,Restrict File and Directory Permissions,Restrict access by setting directory and file permissions that are not specific to users or privileged accounts.,course-of-action--f9fcb3ec-6de0-4559-8cd9-ef1c0c7d1971,https://attack.mitre.org/mitigations/M0922,06 June 2019,20 September 2023,ics-attack,1.0,Industrial Control Systems
M0924,Restrict Registry Permissions,Restrict the ability to modify certain hives or keys in the Windows Registry.,course-of-action--3222a807-521b-4a1a-aa13-f1cda45734b3,https://attack.mitre.org/mitigations/M0924,06 June 2019,20 September 2023,ics-attack,1.0,Industrial Control Systems
M0926,Privileged Account Management,"Manage the creation, modification, use, and permissions associated to privileged accounts, including SYSTEM and root.",course-of-action--622fe4d4-0e8e-4d17-9c25-6c9cef1f15d5,https://attack.mitre.org/mitigations/M0926,06 June 2019,19 September 2023,ics-attack,1.0,Industrial Control Systems
M0927,Password Policies,Set and enforce secure password policies for accounts.,course-of-action--5d97c693-e054-48ba-a3a3-eaf6942dfb65,https://attack.mitre.org/mitigations/M0927,06 June 2019,19 September 2023,ics-attack,1.0,Industrial Control Systems
M0928,Operating System Configuration,Make configuration changes related to the operating system or a common feature of the operating system that result in system hardening against techniques.,course-of-action--9a945a29-5233-4422-a9e3-3e957b0e8bce,https://attack.mitre.org/mitigations/M0928,06 June 2019,19 September 2023,ics-attack,1.0,Industrial Control Systems
M0930,Network Segmentation,"Architect sections of the network to isolate critical systems, functions, or resources. Use physical and logical segmentation to prevent access to potentially sensitive systems and information. Use a DMZ to contain any internet-facing services that should",course-of-action--1e7ccfc0-94c8-496e-8d27-032120892291,https://attack.mitre.org/mitigations/M0930,10 June 2019,19 September 2023,ics-attack,1.0,Industrial Control Systems
M0931,Network Intrusion Prevention,"Use intrusion detection signatures to block traffic at network boundaries.  In industrial control environments, network intrusion prevention should be configured so it will not disrupt protocols and communications responsible for real-time functions relat",course-of-action--3172222b-4983-43f7-8983-753ded4f13bc,https://attack.mitre.org/mitigations/M0931,10 June 2019,19 September 2023,ics-attack,1.0,Industrial Control Systems
M0932,Multi-factor Authentication,"Use two or more pieces of evidence to authenticate to a system; such as username and password in addition to a token from a physical smart card or token generator.  Within industrial control environments assets such as low-level controllers, workstations,",course-of-action--ddf3e568-f065-49e2-9106-42029a28ddbd,https://attack.mitre.org/mitigations/M0932,10 June 2019,19 September 2023,ics-attack,1.0,Industrial Control Systems
M0934,Limit Hardware Installation,"Block users or groups from installing or using unapproved hardware on systems, including USB devices.",course-of-action--9e3adcad-0b8f-4ecc-a2f3-06f607f53bf0,https://attack.mitre.org/mitigations/M0934,11 June 2019,19 September 2023,ics-attack,1.0,Industrial Control Systems
M0935,Limit Access to Resource Over Network,"Prevent access to file shares, remote access to systems, unnecessary services. Mechanisms to limit access may include use of network concentrators, RDP gateways, etc.",course-of-action--49b306c1-a046-42c5-a4d2-30f264ada110,https://attack.mitre.org/mitigations/M0935,11 June 2019,19 September 2023,ics-attack,1.0,Industrial Control Systems
M0936,Account Use Policies,"Configure features related to account use like login attempt lockouts, specific login times, etc.",course-of-action--86b455f2-fb63-4043-93a8-32a3a7703a02,https://attack.mitre.org/mitigations/M0936,11 June 2019,19 September 2023,ics-attack,1.0,Industrial Control Systems
M0937,Filter Network Traffic,Use network appliances to filter ingress or egress traffic and perform protocol-based filtering. Configure software on endpoints to filter network traffic.   Perform inline allow/denylisting of network messages based on the application layer (OSI Layer 7),course-of-action--11f242bc-3121-438c-84b2-5cbd46a4bb17,https://attack.mitre.org/mitigations/M0937,11 June 2019,19 September 2023,ics-attack,1.0,Industrial Control Systems
M0938,Execution Prevention,"Block execution of code on a system through application control, and/or script blocking.",course-of-action--4fa717d9-cabe-47c8-8cdd-86e9e2e37f30,https://attack.mitre.org/mitigations/M0938,11 June 2019,19 September 2023,ics-attack,1.0,Industrial Control Systems
M0941,Encrypt Sensitive Information,Protect sensitive data-at-rest with strong encryption.,course-of-action--9f99fcfd-772e-4e63-9d39-e45612e546dc,https://attack.mitre.org/mitigations/M0941,11 June 2019,19 September 2023,ics-attack,1.0,Industrial Control Systems
M0942,Disable or Remove Feature or Program,Remove or deny access to unnecessary and potentially vulnerable software to prevent abuse by adversaries.,course-of-action--d0909119-2f71-4923-87db-b649881672d7,https://attack.mitre.org/mitigations/M0942,11 June 2019,19 September 2023,ics-attack,1.0,Industrial Control Systems
M0944,Restrict Library Loading,Prevent abuse of library loading mechanisms in the operating system and software to load untrusted code by configuring appropriate library loading mechanisms and investigating potential vulnerable software.,course-of-action--2ab9fc6d-3cf6-4d7b-85f1-3ad6949233b3,https://attack.mitre.org/mitigations/M0944,11 June 2019,20 September 2023,ics-attack,1.0,Industrial Control Systems
M0945,Code Signing,Enforce binary and application integrity with digital signature verification to prevent untrusted code from executing.,course-of-action--71eb7dad-07eb-4bbc-9df0-ac57bf2fba4a,https://attack.mitre.org/mitigations/M0945,11 June 2019,19 September 2023,ics-attack,1.0,Industrial Control Systems
M0946,Boot Integrity,Use secure methods to boot a system and verify the integrity of the operating system and loading mechanisms.,course-of-action--8ac1d6e1-b07f-476a-9732-84984ebc2405,https://attack.mitre.org/mitigations/M0946,11 June 2019,19 September 2023,ics-attack,1.0,Industrial Control Systems
M0947,Audit,"Perform audits or scans of systems, permissions, insecure software, insecure configurations, etc. to identify potential weaknesses. Perform periodic integrity checks of the device to validate the correctness of the firmware, software, programs, and config",course-of-action--bcf91ebc-f316-4e19-b2f6-444e9940c697,https://attack.mitre.org/mitigations/M0947,11 June 2019,19 September 2023,ics-attack,1.0,Industrial Control Systems
M0948,Application Isolation and Sandboxing,Restrict the execution of code to a virtual environment on or in-transit to an endpoint system.,course-of-action--059ba11e-e3dc-49aa-84ca-88197f40d4ea,https://attack.mitre.org/mitigations/M0948,11 June 2019,19 September 2023,ics-attack,1.0,Industrial Control Systems
M0949,Antivirus/Antimalware,"Use signatures or heuristics to detect malicious software.  Within industrial control environments, antivirus/antimalware installations should be limited to assets that are not involved in critical or real-time operations. To minimize the impact to system",course-of-action--faf2b40e-5981-433f-aa46-17458e0026f7,https://attack.mitre.org/mitigations/M0949,11 June 2019,19 September 2023,ics-attack,1.0,Industrial Control Systems
M0950,Exploit Protection,Use capabilities to detect and block conditions that may lead to or be indicative of a software exploit occurring.,course-of-action--49363b74-d506-4342-bd63-320586ebadb9,https://attack.mitre.org/mitigations/M0950,11 June 2019,19 September 2023,ics-attack,1.0,Industrial Control Systems
M0951,Update Software,Perform regular software updates to mitigate exploitation risk. Software updates may need to be scheduled around operational down times.,course-of-action--97f33c84-8508-45b9-8a1d-cac921828c9e,https://attack.mitre.org/mitigations/M0951,11 June 2019,20 September 2023,ics-attack,1.0,Industrial Control Systems
M0953,Data Backup,Take and store data backups from end user systems and critical servers. Ensure backup and storage systems are hardened and kept separate from the corporate network to prevent compromise.   Maintain and exercise incident response plans  (Citation: Departme,course-of-action--ad12819e-3211-4291-b360-069f280cff0a,https://attack.mitre.org/mitigations/M0953,19 July 2019,19 September 2023,ics-attack,1.0,Industrial Control Systems
M0954,Software Configuration,Implement configuration changes to software (other than the operating system) to mitigate security risks associated with how the software operates.,course-of-action--facb8840-ebe7-49f1-b464-8ef6c8131e21,https://attack.mitre.org/mitigations/M0954,19 July 2019,20 September 2023,ics-attack,1.0,Industrial Control Systems
M1001,Security Updates,Install security updates in response to discovered vulnerabilities.  Purchase devices with a vendor and/or mobile carrier commitment to provide security updates in a prompt manner for a set period of time.  Decommission devices that will no longer receive,course-of-action--bcecd036-f40e-4916-9f8e-fd0ccf0ece8d,https://attack.mitre.org/mitigations/M1001,18 October 2019,18 October 2019,mobile-attack,1.0,Mobile
M1002,Attestation,Enable remote attestation capabilities when available (such as Android SafetyNet or Samsung Knox TIMA Attestation) and prohibit devices that fail the attestation from accessing enterprise resources.,course-of-action--ff4821f6-5afb-481b-8c0f-26c28c0d666c,https://attack.mitre.org/mitigations/M1002,18 October 2019,18 October 2019,mobile-attack,1.0,Mobile
M1003,Lock Bootloader,"On devices that provide the capability to unlock the bootloader (hence allowing any operating system code to be flashed onto the device), perform periodic checks to ensure that the bootloader is locked.",course-of-action--8ccd428d-39da-4e8f-a55b-d48ea1d56e58,https://attack.mitre.org/mitigations/M1003,25 October 2017,17 October 2018,mobile-attack,1.0,Mobile
M1004,System Partition Integrity,"Ensure that Android devices being used include and enable the Verified Boot capability, which cryptographically ensures the integrity of the system partition.",course-of-action--7b1cf46f-784b-405a-a8dd-4624c19d8321,https://attack.mitre.org/mitigations/M1004,25 October 2017,17 October 2018,mobile-attack,1.0,Mobile
M1006,Use Recent OS Version,New mobile operating system versions bring not only patches against discovered vulnerabilities but also often bring security architecture improvements that provide resilience against potential vulnerabilities or weaknesses that have not yet been discovere,course-of-action--0beabf44-e8d8-4ae4-9122-ef56369a2564,https://attack.mitre.org/mitigations/M1006,25 October 2017,17 October 2018,mobile-attack,1.0,Mobile
M1009,Encrypt Network Traffic,"Application developers should encrypt all of their application network traffic using the Transport Layer Security (TLS) protocol to ensure protection of sensitive data and deter network-based attacks. If desired, application developers could perform messa",course-of-action--8220b57e-c400-4525-bf69-f8edc6b389a8,https://attack.mitre.org/mitigations/M1009,25 October 2017,17 October 2018,mobile-attack,1.0,Mobile
M1010,Deploy Compromised Device Detection Method,"A variety of methods exist that can be used to enable enterprises to identify compromised (e.g. rooted/jailbroken) devices, whether using security mechanisms built directly into the device, third-party mobile security applications, enterprise mobility man",course-of-action--cf2cccb1-cab8-431a-8ecf-f7874d05f433,https://attack.mitre.org/mitigations/M1010,25 October 2017,17 October 2018,mobile-attack,1.0,Mobile
M1011,User Guidance,Describes any guidance or training given to users to set particular configuration settings or avoid specific potentially risky behaviors.,course-of-action--653492e3-27be-4a0e-b08c-938dd2b7e0e1,https://attack.mitre.org/mitigations/M1011,18 October 2019,18 October 2019,mobile-attack,1.0,Mobile
M1012,Enterprise Policy,"An enterprise mobility management (EMM), also known as mobile device management (MDM), system can be used to provision policies to mobile devices to control aspects of their allowed behavior.",course-of-action--649f7268-4c12-483b-ac84-4b7bca9fe2ee,https://attack.mitre.org/mitigations/M1012,25 October 2017,24 June 2020,mobile-attack,1.0,Mobile
M1013,Application Developer Guidance,This mitigation describes any guidance or training given to developers of applications to avoid introducing security weaknesses that an adversary may be able to take advantage of.,course-of-action--25dc1ce8-eb55-4333-ae30-a7cb4f5894a1,https://attack.mitre.org/mitigations/M1013,25 October 2017,27 September 2023,"enterprise-attack,mobile-attack",1.1,Enterprise
M1014,Interconnection Filtering,"In order to mitigate Signaling System 7 (SS7) exploitation, the Communications, Security, Reliability, and Interoperability Council (CSRIC) describes filtering interconnections between network operators to block inappropriate requests (Citation: CSRIC5-WG",course-of-action--e829ee51-1caf-4665-ba15-7f8979634124,https://attack.mitre.org/mitigations/M1014,25 October 2017,15 August 2023,mobile-attack,1.0,Mobile
M1015,Active Directory Configuration,"Configure Active Directory to prevent use of certain techniques; use SID Filtering, etc.",course-of-action--e3388c78-2a8d-47c2-8422-c1398b324462,https://attack.mitre.org/mitigations/M1015,06 June 2019,29 May 2020,enterprise-attack,1.1,Enterprise
M1016,Vulnerability Scanning,Vulnerability scanning is used to find potentially exploitable software vulnerabilities to remediate them.,course-of-action--15437c6d-b998-4a36-be41-4ace3d54d266,https://attack.mitre.org/mitigations/M1016,06 June 2019,14 July 2020,enterprise-attack,1.1,Enterprise
M1017,User Training,"Train users to be aware of access or manipulation attempts by an adversary to reduce the risk of successful spearphishing, social engineering, and other techniques that involve user interaction.",course-of-action--2a4f6c11-a4a7-4cb9-b0ef-6ae1bb3a718a,https://attack.mitre.org/mitigations/M1017,06 June 2019,21 October 2020,enterprise-attack,1.2,Enterprise
M1018,User Account Management,"Manage the creation, modification, use, and permissions associated to user accounts.",course-of-action--93e7968a-9074-4eac-8ae9-9f5200ec3317,https://attack.mitre.org/mitigations/M1018,06 June 2019,20 May 2020,enterprise-attack,1.1,Enterprise
M1019,Threat Intelligence Program,A threat intelligence program helps an organization generate their own threat intelligence information and track trends to inform defensive priorities to mitigate risk.,course-of-action--874c0166-e407-45c2-a1d9-e4e3a6570fd8,https://attack.mitre.org/mitigations/M1019,06 June 2019,06 June 2019,enterprise-attack,1.0,Enterprise
M1020,SSL/TLS Inspection,Break and inspect SSL/TLS sessions to look at encrypted web traffic for adversary activity.,course-of-action--7bb5fae9-53ad-4424-866b-f0ea2a8b731d,https://attack.mitre.org/mitigations/M1020,06 June 2019,06 June 2019,enterprise-attack,1.0,Enterprise
M1021,Restrict Web-Based Content,"Restrict use of certain websites, block downloads/attachments, block Javascript, restrict browser extensions, etc.",course-of-action--21da4fd4-27ad-4e9c-b93d-0b9b14d02c96,https://attack.mitre.org/mitigations/M1021,06 June 2019,06 June 2019,enterprise-attack,1.0,Enterprise
M1022,Restrict File and Directory Permissions,Restrict access by setting directory and file permissions that are not specific to users or privileged accounts.,course-of-action--987988f0-cf86-4680-a875-2f6456ab2448,https://attack.mitre.org/mitigations/M1022,06 June 2019,20 May 2020,enterprise-attack,1.1,Enterprise
M1024,Restrict Registry Permissions,Restrict the ability to modify certain hives or keys in the Windows Registry.,course-of-action--a2c36a5d-4058-475e-8e77-fff75e50d3b9,https://attack.mitre.org/mitigations/M1024,06 June 2019,31 March 2023,enterprise-attack,1.1,Enterprise
M1025,Privileged Process Integrity,"Protect processes with high privileges that can be used to interact with critical system components through use of protected process light, anti-process injection defenses, or other process integrity enforcement measures.",course-of-action--72dade3e-1cba-4182-b3b3-a77ca52f02a1,https://attack.mitre.org/mitigations/M1025,06 June 2019,20 May 2020,enterprise-attack,1.1,Enterprise
M1026,Privileged Account Management,"Manage the creation, modification, use, and permissions associated to privileged accounts, including SYSTEM and root.",course-of-action--9bb9e696-bff8-4ae1-9454-961fc7d91d5f,https://attack.mitre.org/mitigations/M1026,06 June 2019,31 March 2020,enterprise-attack,1.1,Enterprise
M1027,Password Policies,Set and enforce secure password policies for accounts.,course-of-action--90c218c3-fbf8-4830-98a7-e8cfb7eaa485,https://attack.mitre.org/mitigations/M1027,06 June 2019,21 October 2022,enterprise-attack,1.0,Enterprise
M1028,Operating System Configuration,Make configuration changes related to the operating system or a common feature of the operating system that result in system hardening against techniques.,course-of-action--2f316f6c-ae42-44fe-adf8-150989e0f6d3,https://attack.mitre.org/mitigations/M1028,06 June 2019,31 March 2023,enterprise-attack,1.2,Enterprise
M1029,Remote Data Storage,Use remote security log and sensitive file storage where access can be controlled better to prevent exposure of intrusion detection log data or sensitive information.,course-of-action--20a2baeb-98c2-4901-bad7-dc62d0a03dea,https://attack.mitre.org/mitigations/M1029,06 June 2019,06 June 2019,enterprise-attack,1.0,Enterprise
M1030,Network Segmentation,"Architect sections of the network to isolate critical systems, functions, or resources. Use physical and logical segmentation to prevent access to potentially sensitive systems and information. Use a DMZ to contain any internet-facing services that should",course-of-action--86598de0-b347-4928-9eb0-0acbfc21908c,https://attack.mitre.org/mitigations/M1030,10 June 2019,14 May 2020,enterprise-attack,1.1,Enterprise
M1031,Network Intrusion Prevention,Use intrusion detection signatures to block traffic at network boundaries.,course-of-action--12241367-a8b7-49b4-b86e-2236901ba50c,https://attack.mitre.org/mitigations/M1031,10 June 2019,10 June 2019,enterprise-attack,1.0,Enterprise
M1032,Multi-factor Authentication,Use two or more pieces of evidence to authenticate to a system; such as username and password in addition to a token from a physical smart card or token generator.,course-of-action--b045d015-6bed-4490-bd38-56b41ece59a0,https://attack.mitre.org/mitigations/M1032,10 June 2019,21 October 2022,enterprise-attack,1.0,Enterprise
M1033,Limit Software Installation,Block users or groups from installing unapproved software.,course-of-action--23843cff-f7b9-4659-a7b7-713ef347f547,https://attack.mitre.org/mitigations/M1033,11 June 2019,11 June 2019,enterprise-attack,1.0,Enterprise
M1034,Limit Hardware Installation,"Block users or groups from installing or using unapproved hardware on systems, including USB devices.",course-of-action--2995bc22-2851-4345-ad19-4e7e295be264,https://attack.mitre.org/mitigations/M1034,11 June 2019,09 June 2020,enterprise-attack,1.0,Enterprise
M1035,Limit Access to Resource Over Network,"Prevent access to file shares, remote access to systems, unnecessary services. Mechanisms to limit access may include use of network concentrators, RDP gateways, etc.",course-of-action--1dcaeb21-9348-42ea-950a-f842aaf1ae1f,https://attack.mitre.org/mitigations/M1035,11 June 2019,09 June 2020,enterprise-attack,1.0,Enterprise
M1036,Account Use Policies,"Configure features related to account use like login attempt lockouts, specific login times, etc.",course-of-action--f9f9e6ef-bc0a-41ad-ba11-0924e5e84c4c,https://attack.mitre.org/mitigations/M1036,11 June 2019,21 October 2022,enterprise-attack,1.0,Enterprise
M1037,Filter Network Traffic,Use network appliances to filter ingress or egress traffic and perform protocol-based filtering. Configure software on endpoints to filter network traffic.,course-of-action--20f6a9df-37c4-4e20-9e47-025983b1b39d,https://attack.mitre.org/mitigations/M1037,11 June 2019,20 June 2020,enterprise-attack,1.1,Enterprise
M1038,Execution Prevention,"Block execution of code on a system through application control, and/or script blocking.",course-of-action--47e0e9fe-96ce-4f65-8bb1-8be1feacb5db,https://attack.mitre.org/mitigations/M1038,11 June 2019,28 February 2022,enterprise-attack,1.2,Enterprise
M1039,Environment Variable Permissions,Prevent modification of environment variables by unauthorized users and groups.,course-of-action--609191bf-7d06-40e4-b1f8-9e11eb3ff8a6,https://attack.mitre.org/mitigations/M1039,11 June 2019,11 June 2019,enterprise-attack,1.0,Enterprise
M1040,Behavior Prevention on Endpoint,"Use capabilities to prevent suspicious behavior patterns from occurring on endpoint systems. This could include suspicious process, file, API call, etc. behavior.",course-of-action--90f39ee1-d5a3-4aaa-9f28-3b42815b0d46,https://attack.mitre.org/mitigations/M1040,11 June 2019,11 June 2019,enterprise-attack,1.0,Enterprise
M1041,Encrypt Sensitive Information,Protect sensitive information with strong encryption.,course-of-action--feff9142-e8c2-46f4-842b-bd6fb3d41157,https://attack.mitre.org/mitigations/M1041,11 June 2019,11 June 2019,enterprise-attack,1.0,Enterprise
M1042,Disable or Remove Feature or Program,Remove or deny access to unnecessary and potentially vulnerable software to prevent abuse by adversaries.,course-of-action--eb88d97c-32f1-40be-80f0-d61a4b0b4b31,https://attack.mitre.org/mitigations/M1042,11 June 2019,31 March 2020,enterprise-attack,1.1,Enterprise
M1043,Credential Access Protection,Use capabilities to prevent successful credential access by adversaries; including blocking forms of credential dumping.,course-of-action--49c06d54-9002-491d-9147-8efb537fbd26,https://attack.mitre.org/mitigations/M1043,11 June 2019,21 October 2022,enterprise-attack,1.1,Enterprise
M1044,Restrict Library Loading,Prevent abuse of library loading mechanisms in the operating system and software to load untrusted code by configuring appropriate library loading mechanisms and investigating potential vulnerable software.,course-of-action--e8242a33-481c-4891-af63-4cf3e4cf6aff,https://attack.mitre.org/mitigations/M1044,11 June 2019,11 June 2019,enterprise-attack,1.0,Enterprise
M1045,Code Signing,Enforce binary and application integrity with digital signature verification to prevent untrusted code from executing.,course-of-action--590777b3-b475-4c7c-aaf8-f4a73b140312,https://attack.mitre.org/mitigations/M1045,11 June 2019,20 May 2020,enterprise-attack,1.1,Enterprise
M1046,Boot Integrity,Use secure methods to boot a system and verify the integrity of the operating system and loading mechanisms.,course-of-action--7da0387c-ba92-4553-b291-b636ee42b2eb,https://attack.mitre.org/mitigations/M1046,11 June 2019,19 May 2020,enterprise-attack,1.0,Enterprise
M1047,Audit,"Perform audits or scans of systems, permissions, insecure software, insecure configurations, etc. to identify potential weaknesses.",course-of-action--cc2399fd-3cd3-4319-8d0a-fbd6420cdaf8,https://attack.mitre.org/mitigations/M1047,11 June 2019,31 March 2023,enterprise-attack,1.2,Enterprise
M1048,Application Isolation and Sandboxing,Restrict execution of code to a virtual environment on or in transit to an endpoint system.,course-of-action--b9f0c069-abbe-4a07-a245-2481219a1463,https://attack.mitre.org/mitigations/M1048,11 June 2019,31 March 2020,enterprise-attack,1.1,Enterprise
M1049,Antivirus/Antimalware,Use signatures or heuristics to detect malicious software.,course-of-action--a6a47a06-08fc-4ec4-bdc3-20373375ebb9,https://attack.mitre.org/mitigations/M1049,11 June 2019,31 March 2020,enterprise-attack,1.1,Enterprise
M1050,Exploit Protection,Use capabilities to detect and block conditions that may lead to or be indicative of a software exploit occurring.,course-of-action--d2a24649-9694-4c97-9c62-ce7b270bf6a3,https://attack.mitre.org/mitigations/M1050,11 June 2019,20 June 2020,enterprise-attack,1.1,Enterprise
M1051,Update Software,Perform regular software updates to mitigate exploitation risk.,course-of-action--e5d930e9-775a-40ad-9bdb-b941d8dfe86b,https://attack.mitre.org/mitigations/M1051,11 June 2019,07 July 2020,enterprise-attack,1.0,Enterprise
M1052,User Account Control,Configure Windows User Account Control to mitigate risk of adversaries obtaining elevated process access.,course-of-action--2c2ad92a-d710-41ab-a996-1db143bb4808,https://attack.mitre.org/mitigations/M1052,11 June 2019,31 March 2020,enterprise-attack,1.1,Enterprise
M1053,Data Backup,Take and store data backups from end user systems and critical servers. Ensure backup and storage systems are hardened and kept separate from the corporate network to prevent compromise.,course-of-action--3efe43d1-6f3f-4fcb-ab39-4a730971f70b,https://attack.mitre.org/mitigations/M1053,19 July 2019,31 March 2020,enterprise-attack,1.1,Enterprise
M1054,Software Configuration,Implement configuration changes to software (other than the operating system) to mitigate security risks associated to how the software operates.,course-of-action--b5dbb4c5-b0b1-40b1-80b6-e9e84ab90067,https://attack.mitre.org/mitigations/M1054,19 July 2019,31 March 2020,enterprise-attack,1.1,Enterprise
M1055,Do Not Mitigate,This category is to associate techniques that mitigation might increase risk of compromise and therefore mitigation is not recommended.,course-of-action--787fb64d-c87b-4ee5-a341-0ef17ec4c15c,https://attack.mitre.org/mitigations/M1055,19 July 2019,23 July 2019,enterprise-attack,1.0,Enterprise
M1056,Pre-compromise,"This category is used for any applicable mitigation activities that apply to techniques occurring before an adversary gains Initial Access, such as Reconnaissance and Resource Development techniques.",course-of-action--78bb71be-92b4-46de-acd6-5f998fedf1cc,https://attack.mitre.org/mitigations/M1056,19 October 2020,20 October 2020,enterprise-attack,1.0,Enterprise
M1057,Data Loss Prevention,"Use a data loss prevention (DLP) strategy to categorize sensitive data, identify data formats indicative of personal identifiable information (PII), and restrict exfiltration of sensitive data.(Citation: PurpleSec Data Loss Prevention)",course-of-action--65401701-019d-44ff-b223-08d520bb0e7b,https://attack.mitre.org/mitigations/M1057,04 August 2021,30 August 2021,enterprise-attack,1.0,Enterprise
M1058,Antivirus/Antimalware,"Mobile security products, such as Mobile Threat Defense (MTD), offer various device-based mitigations against certain behaviors.",course-of-action--78671282-26aa-486c-a7a5-5921e1616b58,https://attack.mitre.org/mitigations/M1058,21 September 2023,21 September 2023,mobile-attack,1.0,Mobile
CM1101,Present Deceptive Information,"Present deceptive information about systems, data, processes, and users. Monitor uses or search for presence of that information.",,https://csrc.nist.gov/pubs/sp/800/160/v2/r1/final,,,,,Candidate
CM1102,Maintain Deception Environment,"Maintain a distinct subsystem or a set of components specifically designed to be the target of malicious attacks for detecting, deflecting, and analyzing such attacks.",,https://csrc.nist.gov/pubs/sp/800/160/v2/r1/final,,,,,Candidate
CM1103,Detonation Chamber,Use a dynamic execution environment to handle potentially harmful incoming data.,,https://csrc.nist.gov/pubs/sp/800/160/v2/r1/final,,,,,Candidate
CM1104,Passive Decoys,"Use a factitious system or resource to decoy adversary attacks away from operational resources, to increase the adversary’s workload, or to observe adversary activities.",,https://csrc.nist.gov/pubs/sp/800/160/v2/r1/final,,,,,Candidate
CM1105,Component Provenance Validation,Validate the provenance of system components.,,https://csrc.nist.gov/pubs/sp/800/160/v2/r1/final,,,,,Candidate
CM1106,Supply Chain Diversity,Provide multiple distinct supply chains for system components.,,https://csrc.nist.gov/pubs/sp/800/160/v2/r1/final,,,,,Candidate
CM1107,Adversarial Simulation,Simulate adversary activities to test the effectiveness of system protections and detection mechanisms.,,https://csrc.nist.gov/pubs/sp/800/160/v2/r1/final,,,,,Candidate
CM1108,Dynamically Restrict Traffic or Isolate Resources,Dynamically reconfigure networks to restrict network traffic or isolate resources.,,https://csrc.nist.gov/pubs/sp/800/160/v2/r1/final,,,,,Candidate
CM1109,Virtual Sandbox,"Use virtualization to create a controlled execution environment, which is expunged after execution terminates.",,https://csrc.nist.gov/pubs/sp/800/160/v2/r1/final,,,,,Candidate
CM1110,Application- or Utility-Specific Data Removal,"Analyze files and data structures specific to an application or utility for anomalies, and delete them.",,https://csrc.nist.gov/pubs/sp/800/160/v2/r1/final,,,,,Candidate
CM1111,Execution Restriction,"Restrict the sources of executables and the locations in which execution can occur, or implement other constraints on execution access.",,https://csrc.nist.gov/pubs/sp/800/160/v2/r1/final,,,,,Candidate
CM1112,Covert Signaling,Use hidden logic to enable exfiltrated data to signal its location or embed hidden data that can be the subject of a search.,,https://csrc.nist.gov/pubs/sp/800/160/v2/r1/final,,,,,Candidate
CM1113,Present Decoy Data,"Present plausible but factitious data assets to attract the adversary. Monitor uses of those assets, or search for the presence of decoy information.",,https://csrc.nist.gov/pubs/sp/800/160/v2/r1/final,,,,,Candidate
CM1114,Fragment Information,"Fragment information, and distribute it across multiple locations.",,https://csrc.nist.gov/pubs/sp/800/160/v2/r1/final,,,,,Candidate
CM1115,Lock Down Thin Nodes,"Minimize local functionality, and disallow writable storage.",,https://csrc.nist.gov/pubs/sp/800/160/v2/r1/final,,,,,Candidate
CM1116,Dynamic Data Location,Dynamically move data resources.,,https://csrc.nist.gov/pubs/sp/800/160/v2/r1/final,,,,,Candidate
CM1117,Dynamic Account Management,Dynamically update an account’s authorizations or privileges.,,https://csrc.nist.gov/pubs/sp/800/160/v2/r1/final,,,,,Candidate
CM1118,Partition Host,"Partition a host (e.g., server, endpoint system) into separate logical domains.",,https://csrc.nist.gov/pubs/sp/800/160/v2/r1/final,,,,,Candidate
CM1119,Minimize Local Functionality,Construct or configure systems or applications to minimize their inherent functionality.,,https://csrc.nist.gov/pubs/sp/800/160/v2/r1/final,,,,,Candidate
CM1120,Trusted Path,Provide an isolated communications path between the user and security functions.,,https://csrc.nist.gov/pubs/sp/800/160/v2/r1/final,,,,,Candidate
CM1121,Dynamically Disable or Suspend,Terminate processes or disable capabilities upon triggering conditions.,,https://csrc.nist.gov/pubs/sp/800/160/v2/r1/final,,,,,Candidate
CM1122,Perform Mission Damage Assessment,"Determine the mission consequences of adversary activities (e.g., which resources can be relied on; how quickly, how completely, and with what confidence mission-essential services, data, and communications can be restored from backups or alternative resources).",,https://csrc.nist.gov/pubs/sp/800/160/v2/r1/final,,,,,Candidate
CM1123,Active Decoys,"Use one or more factitious systems or other resources to identify malicious sites, interact with the adversary, actively probe for malicious code, and observe adversary TTPs.",,https://csrc.nist.gov/pubs/sp/800/160/v2/r1/final,,,,,Candidate
CM1124,Minimize Data Retention or Lifespan,"Minimize the lifespan or retention of data, and ensure that deleted data cannot be retrieved.",,https://csrc.nist.gov/pubs/sp/800/160/v2/r1/final,,,,,Candidate
CM1125,Authenticate Devices,Authenticate a device before establishing a connection to it.,,https://csrc.nist.gov/pubs/sp/800/160/v2/r1/final,,,,,Candidate
CM1126,Enhanced Authentication,"Use situation-specific, risk- adaptive, or out-of-band authentication.",,https://csrc.nist.gov/pubs/sp/800/160/v2/r1/final,,,,,Candidate
CM1127,Minimize Duration of Connection or Session,"Minimize the time period for which a connection remains open or a session remains active, requiring reauthorization to reestablish connectivity.",,https://csrc.nist.gov/pubs/sp/800/160/v2/r1/final,,,,,Candidate
CM1128,Design Diversity,Use multiple designs to implement the same functionality.,,https://csrc.nist.gov/pubs/sp/800/160/v2/r1/final,,,,,Candidate
CM1129,Check Policy Consistency,"Ensure that policies are applied consistently across systems, applications, and services.",,https://csrc.nist.gov/pubs/sp/800/160/v2/r1/final,,,,,Candidate
CM1130,Validate Data Quality,"Validate data quality (e.g., integrity, consistency, correctness).",,https://csrc.nist.gov/pubs/sp/800/160/v2/r1/final,,,,,Candidate
CM1131,Active Deception,"Maintain an internal deception environment, divert suspicious traffic to that environment, and interact with and analyze behavior to determine whether it is malicious and whether to investigate adversary TTPs.",,https://csrc.nist.gov/pubs/sp/800/160/v2/r1/final,,,,,Candidate
CM1132,Quarantine or Delete Suspicious Files,Move and make inaccessible or delete suspicious files.,,https://csrc.nist.gov/pubs/sp/800/160/v2/r1/final,,,,,Candidate
CM1133,Isolate or Contain Selected Applications or Components,"Isolate or contain (e.g., using internal firewalls or virtual environments) selected applications or components based on risk profiles.",,https://csrc.nist.gov/pubs/sp/800/160/v2/r1/final,,,,,Candidate
CM1134,Refresh Selected Applications or Components,"Refresh software, firmware, or data from a trusted source.",,https://csrc.nist.gov/pubs/sp/800/160/v2/r1/final,,,,,Candidate
CM1135,Hide Sensitive Information,"Conceal (e.g., via encryption or data hiding) or remove sensitive information (including metadata).",,https://csrc.nist.gov/pubs/sp/800/160/v2/r1/final,,,,,Candidate
CM1136,Identify External Malware,Identify and redirect malware found on external systems.,,https://csrc.nist.gov/pubs/sp/800/160/v2/r1/final,,,,,Candidate
CM1137,Validate Data Properties,"Validate data properties (including binaries, metadata, and cryptographic bindings) to defend against modification or fabrication.",,https://csrc.nist.gov/pubs/sp/800/160/v2/r1/final,,,,,Candidate
CM1138,Switch to Alternative Data Sources,Switch to one or more alternative data sources to ensure adequate data quality or rebuild destroyed data.,,https://csrc.nist.gov/pubs/sp/800/160/v2/r1/final,,,,,Candidate
CM1139,Dynamically Reprovision,Reconfigure or reallocate resources to route around damage.,,https://csrc.nist.gov/pubs/sp/800/160/v2/r1/final,,,,,Candidate
CM1140,Use Alternate Communications,Use alternative communications paths.,,https://csrc.nist.gov/pubs/sp/800/160/v2/r1/final,,,,,Candidate
CM1141,Reconstruct Compromised Assets,"Reconstruct assets (e.g., files, software components) that have been damaged, destroyed, or modified in a way that makes them suspect.",,https://csrc.nist.gov/pubs/sp/800/160/v2/r1/final,,,,,Candidate
CM1142,Switch to Protected Hot Shadow,"Switch (failover) to a duplicate system in a protected enclave that, subject to additional quality controls on data and software updates, mirrors the system that has been compromised.",,https://csrc.nist.gov/pubs/sp/800/160/v2/r1/final,,,,,Candidate
CM1143,Switch to Alternate System or Component,Switch (failover) to another system or system component that provides approximately the same functionality in a different way.,,https://csrc.nist.gov/pubs/sp/800/160/v2/r1/final,,,,,Candidate
CM1144,Activate Alternate,"Activate an alternate system or system component (e.g., from a war-time reserve) that provides approximately the same function in a novel or specialized way, and failover.",,https://csrc.nist.gov/pubs/sp/800/160/v2/r1/final,,,,,Candidate
CM1145,Defend Failover and Recovery,Increase sensor activity and restrict privileges to defend against an adversary taking advantage of failover or recovery activities.,,https://csrc.nist.gov/pubs/sp/800/160/v2/r1/final,,,,,Candidate
CM1146,Refresh Sessions or Connections,Terminate and re-establish sessions or network connections unpredictably to disrupt adversary use.,,https://csrc.nist.gov/pubs/sp/800/160/v2/r1/final,,,,,Candidate
CM1147,Defend Against DoS,Adapt to reduce the impacts of denial-of-service attacks.,,https://csrc.nist.gov/pubs/sp/800/160/v2/r1/final,,,,,Candidate
CM1148,Conceal or Randomize Network Traffic,Conceal (via encryption or insertion of fabricated traffic) or randomize network traffic patterns.,,https://csrc.nist.gov/pubs/sp/800/160/v2/r1/final,,,,,Candidate
CM1149,Lock Down Visibility or Access,Restrict the visibility of or access to data based on the nature or attributes of that data.,,https://csrc.nist.gov/pubs/sp/800/160/v2/r1/final,,,,,Candidate
CM1150,Dynamically Relocate and Refresh Processing,Suspend a process and re- instantiate it in a different location.,,https://csrc.nist.gov/pubs/sp/800/160/v2/r1/final,,,,,Candidate
CM1151,Defend Enclave Boundaries,"Maintain distinct enclaves based on security characteristics, and use stringent filtering to defend the enclave boundary.",,https://csrc.nist.gov/pubs/sp/800/160/v2/r1/final,,,,,Candidate
CM1152,Defend Against Memory Attacks,Provide defenses against attacks against system memory.,,https://csrc.nist.gov/pubs/sp/800/160/v2/r1/final,,,,,Candidate
CM1153,Modulate Information Flows,Use controlled interfaces and communication paths to provide access to risky capabilities or filter communications between enclaves.,,https://csrc.nist.gov/pubs/sp/800/160/v2/r1/final,,,,,Candidate
CM1154,Hardware-Based Protection of Firmware,Use hardware-based protections for firmware.,,https://csrc.nist.gov/pubs/sp/800/160/v2/r1/final,,,,,Candidate
CM1155,Validate Output Data,Validate information output from processes or applications against defined criteria.,,https://csrc.nist.gov/pubs/sp/800/160/v2/r1/final,,,,,Candidate
CM1156,Physically Relocate Resources,"Physically move resources (e.g., storage devices, servers, end-user devices) with concomitant changes to network location.",,https://csrc.nist.gov/pubs/sp/800/160/v2/r1/final,,,,,Candidate
CM1157,Defend Against Data Mining,"Enforce access restrictions, and provide alerting to defend against data mining.",,https://csrc.nist.gov/pubs/sp/800/160/v2/r1/final,,,,,Candidate
CM1158,Defend Audit Data,Provide mechanisms to protect audit data from modification or observation.,,https://csrc.nist.gov/pubs/sp/800/160/v2/r1/final,,,,,Candidate
CM1159,Enhance User Preparedness,"Keep users, administrators, and operators aware of existing and emerging threats and attack techniques that they can counter in practice.",,https://csrc.nist.gov/pubs/sp/800/160/v2/r1/final,,,,,Candidate
CM1160,Conceal Resources from Discovery,"Protect the network addresses of system components that are part of managed interfaces from discovery through common tools and techniques, such as hiding or relocation.",,https://csrc.nist.gov/pubs/sp/800/160/v2/r1/final,,,,,Candidate
CM1161,Collaborate to Counter Adversaries,Collaborate with other entities to counter adversary activities.,,https://csrc.nist.gov/pubs/sp/800/160/v2/r1/final,,,,,Candidate
CM1162,Restrict Supply Chain Exposures,Limit an adversary’s ability to determine or manipulate the organization’s cyber supply chain.,,https://csrc.nist.gov/pubs/sp/800/160/v2/r1/final,,,,,Candidate
CM1163,Redefine System,"Redefine the system in terms of components, interfaces, and dependencies.",,https://csrc.nist.gov/pubs/sp/800/160/v2/r1/final,,,,,Candidate
CM1164,Calibrate Administrative Access,Configure administrator access to resources based on active defense strategies.,,https://csrc.nist.gov/pubs/sp/800/160/v2/r1/final,,,,,Candidate
CM1301,Dynamic Threat Awareness and Response,Use awareness of the current threat landscape to inform threat hunting and threat-adaptive defenses.,,https://csrc.nist.gov/pubs/sp/800/160/v2/r1/final,,,,,Candidate
CM1302,Mission-Oriented Cyber Situational Awareness,Maintain awareness of mission dependencies and the current status of mission-critical assets to inform threat-adaptive responses.,,https://csrc.nist.gov/pubs/sp/800/160/v2/r1/final,,,,,Candidate
CM1303,Integrated Non- Disruptive Response,Integrate automated and human- directed response to suspicious events to minimize disruption.,,https://csrc.nist.gov/pubs/sp/800/160/v2/r1/final,,,,,Candidate
CM1304,Enhance via Unpredictability,Enhance the effectiveness of defender actions by using capabilities unpredictably or by adding noise or false information to query responses.,,https://csrc.nist.gov/pubs/sp/800/160/v2/r1/final,,,,,Candidate
CM1305,Enhance via Heterogeneity,Increase barriers to adversary effectiveness by providing architecturally diverse system components.,,https://csrc.nist.gov/pubs/sp/800/160/v2/r1/final,,,,,Candidate
CM1306,Lock Down Usage,"Restrict access to applications and configurations as part of the installation process, and narrowly restrict modifications or other uses of privileged functions.",,https://csrc.nist.gov/pubs/sp/800/160/v2/r1/final,,,,,Candidate
CM1307,Enhance via Layered Protections,Provide similar capabilities or mechanisms at multiple architectural layers.,,https://csrc.nist.gov/pubs/sp/800/160/v2/r1/final,,,,,Candidate
CM1308,Separate Environments with Specific Risks,Provide environments separate from the operational environment for activities with specific risks.,,https://csrc.nist.gov/pubs/sp/800/160/v2/r1/final,,,,,Candidate
CM1309,Vulnerability- Oriented Cyber Situational Awareness,Maintain awareness of the vulnerability posture over time to inform the calibration of detection and proactive responses.,,https://csrc.nist.gov/pubs/sp/800/160/v2/r1/final,,,,,Candidate
CM1310,Protect Distributed Processing and Storage,Provide supporting protections for distributed processing and distributed or replicated storage.,,https://csrc.nist.gov/pubs/sp/800/160/v2/r1/final,,,,,Candidate
CM1311,Enhance via Isolation,Enhance the effectiveness of or confidence in security functions via system mechanisms for isolation.,,https://csrc.nist.gov/pubs/sp/800/160/v2/r1/final,,,,,Candidate
CM1312,Enhance Isolation via Hardware Features,Enhance the effectiveness of or confidence in isolation by using underlying hardware features.,,https://csrc.nist.gov/pubs/sp/800/160/v2/r1/final,,,,,Candidate
CM1313,Validate or Assess Control Effectiveness in Practice,Validate or assess the effectiveness of controls as implemented and used in practice.,,https://csrc.nist.gov/pubs/sp/800/160/v2/r1/final,,,,,Candidate
CM1314,Enhance via Automation,Use automation to increase the effectiveness or quality of capabilities or practices.,,https://csrc.nist.gov/pubs/sp/800/160/v2/r1/final,,,,,Candidate
CM1315,Maintain a War- Time Reserve,"Maintain a reserve of critical components, both special-purpose and acquired, for use in a crisis situation.",,https://csrc.nist.gov/pubs/sp/800/160/v2/r1/final,,,,,Candidate
CM1316,Enhance via Coordination,Coordinate across the organization and with external stakeholders to increase the effectiveness or timeliness of responsive capabilities and practices.,,https://csrc.nist.gov/pubs/sp/800/160/v2/r1/final,,,,,Candidate
CM2002,Inspect and Analyze Network Traffic,"Analyze network traffic for unusual data flows. Traffic inspection and analysis can be performed at the enterprise boundary, at internal boundaries between enclaves, or within enclaves.",,https://csrc.nist.gov/pubs/sp/800/160/v2/r1/final,,,,,Candidate
CM2003,Endpoint Behavior Analysis,"Analyze the behavior of endpoint (i.e., end-user, client) systems for anomalous behavior.",,https://csrc.nist.gov/pubs/sp/800/160/v2/r1/final,,,,,Candidate
CM2004,Monitor Logs,Monitor system and application logs for anomalous or suspicious behavior.,,https://csrc.nist.gov/pubs/sp/800/160/v2/r1/final,,,,,Candidate
CM2005,Analyze Logs,Analyze logs (individually or with some correlation across logs) for anomalous or suspicious patterns of behavior.,,https://csrc.nist.gov/pubs/sp/800/160/v2/r1/final,,,,,Candidate
CM2006,Analyze File Contents,Analyze the contents of specific files or types of files for suspicious contents.,,https://csrc.nist.gov/pubs/sp/800/160/v2/r1/final,,,,,Candidate
CM2007,Host Event Detection,"Detect anomalous or unauthorized events on hosts (e.g., servers, endpoint systems).",,https://csrc.nist.gov/pubs/sp/800/160/v2/r1/final,,,,,Candidate
CM2008,Removable Device Usage Detection,Detect anomalous or unauthorized events involving the use of removable devices.,,https://csrc.nist.gov/pubs/sp/800/160/v2/r1/final,,,,,Candidate
CM2009,Software Integrity Check,"Perform integrity checks (e.g., using checksums, hashes, or digital signatures) on software, software certificates, or metadata.",,https://csrc.nist.gov/pubs/sp/800/160/v2/r1/final,,,,,Candidate
CM2010,Software Stress Testing,"Perform software stress testing (e.g., using out-of-bounds input values) prior to installation.",,https://csrc.nist.gov/pubs/sp/800/160/v2/r1/final,,,,,Candidate
CM2011,Physical Inspection,Perform a physical inspection of hardware components for indicators of tampering.,,https://csrc.nist.gov/pubs/sp/800/160/v2/r1/final,,,,,Candidate
CM2012,Monitor Trusted Parties,"Monitor the behavior and status (e.g., change in ownership) of second or third parties.",,https://csrc.nist.gov/pubs/sp/800/160/v2/r1/final,,,,,Candidate
CM2013,Cross-Enterprise Account Usage Analysis,Analyze user account usage across the enterprise for anomalies or suspicious behavior.,,https://csrc.nist.gov/pubs/sp/800/160/v2/r1/final,,,,,Candidate
CM2014,Process Analysis,"Analyze process attributes or behavior for indications of unusual, unauthorized, or suspicious use.",,https://csrc.nist.gov/pubs/sp/800/160/v2/r1/final,,,,,Candidate
CM2015,Process Monitoring,"Monitor the behavior of processes for indications of unusual, unauthorized, or suspicious use.",,https://csrc.nist.gov/pubs/sp/800/160/v2/r1/final,,,,,Candidate
CM2016,Cloud Account Monitoring,"Monitor activity associated with cloud accounts for indications of unusual, unauthorized, or suspicious use.",,https://csrc.nist.gov/pubs/sp/800/160/v2/r1/final,,,,,Candidate
CM2017,Privileged Account Monitoring,Monitor and analyze activity associated with privileged accounts for indications of unusual or suspicious use.,,https://csrc.nist.gov/pubs/sp/800/160/v2/r1/final,,,,,Candidate
CM2018,Cross-Enterprise Behavior Analysis,Correlate and analyze the behavior of multiple systems.,,https://csrc.nist.gov/pubs/sp/800/160/v2/r1/final,,,,,Candidate
CM2019,Endpoint Scrutiny,Scrutinize the contents and behavior patterns of an endpoint system.,,https://csrc.nist.gov/pubs/sp/800/160/v2/r1/final,,,,,Candidate
CM2020,Application- or Utility-Specific Monitoring,Monitor and analyze events in the context of a specific application or utility.,,https://csrc.nist.gov/pubs/sp/800/160/v2/r1/final,,,,,Candidate
CM2021,Account Monitoring,Monitor and analyze activity associated with user accounts for indications of unusual or suspicious use.,,https://csrc.nist.gov/pubs/sp/800/160/v2/r1/final,,,,,Candidate
CM2022,Host-Local Event Correlation,Correlate and analyze events occurring on a single host.,,https://csrc.nist.gov/pubs/sp/800/160/v2/r1/final,,,,,Candidate
CM2023,Centralize and Analyze Instance Logging,Centralize instance logging in a cloud or container environment and analyze.,,https://csrc.nist.gov/pubs/sp/800/160/v2/r1/final,,,,,Candidate
CM2029,Monitor Script Execution,Monitor for the execution of scripts that are unknown or used in suspicious ways.,,https://csrc.nist.gov/pubs/sp/800/160/v2/r1/final,,,,,Candidate
CM2030,Monitor and Analyze API Use,Monitor and analyze uses of application interfaces (APIs).,,https://csrc.nist.gov/pubs/sp/800/160/v2/r1/final,,,,,Candidate
CM2033,Monitor the File System,Monitor the file system to identify the unexpected presence and atypical use of specific types of files or atypical patterns of access.,,https://csrc.nist.gov/pubs/sp/800/160/v2/r1/final,,,,,Candidate
CM2034,Monitor Specific Servers,Monitor specific servers for anomalous or suspicious uses or access attempts.,,https://csrc.nist.gov/pubs/sp/800/160/v2/r1/final,,,,,Candidate
CM2035,Monitor Specific Files,Monitor the use of specific files or directories for anomalous or suspicious uses or access attempts.,,https://csrc.nist.gov/pubs/sp/800/160/v2/r1/final,,,,,Candidate
CM2038,Monitor Command Line Use,Monitor command line interface use for common utilities (part of the system or installed by an adversary) and suspicious behavior.,,https://csrc.nist.gov/pubs/sp/800/160/v2/r1/final,,,,,Candidate
CM2040,Monitor Use of Libraries and Utilities,Monitor the use of libraries and utilities that are commonly used to support adversary actions.,,https://csrc.nist.gov/pubs/sp/800/160/v2/r1/final,,,,,Candidate
CM2041,Analyze Network Traffic Content,Analyze the contents of network traffic.,,https://csrc.nist.gov/pubs/sp/800/160/v2/r1/final,,,,,Candidate
CM2042,Analyze Outgoing Traffic Patterns,Analyze outgoing traffic for patterns of behavior that indicate adversary communications.,,https://csrc.nist.gov/pubs/sp/800/160/v2/r1/final,,,,,Candidate
CM2043,Monitor External Sources,"Monitor and analyze external information sources for indicators of adversary activities, especially those targeting the organization.",,https://csrc.nist.gov/pubs/sp/800/160/v2/r1/final,,,,,Candidate
CM2044,Monitor Platform Status,"Monitor the status of platforms (e.g., user endpoints, servers, network devices).",,https://csrc.nist.gov/pubs/sp/800/160/v2/r1/final,,,,,Candidate
CM2047,Monitor Network Usage,Monitor network usage for anomalous behavior.,,https://csrc.nist.gov/pubs/sp/800/160/v2/r1/final,,,,,Candidate
CM2048,Hunt for Malicious Processes,Hunt for applications or processes that display specific malicious or suspect behaviors.,,https://csrc.nist.gov/pubs/sp/800/160/v2/r1/final,,,,,Candidate
