Security Control ID,Withdrawn,Privacy Baseline,Privacy Consideration,Confidentiality : Low,Confidentiality : Moderate,Confidentiality : High,Confidentiality,Integrity : Low,Integrity : Moderate,Integrity : High,Integrity,Availability : Low,Availability : Moderate,Availability : High,Availability,Justification,Parameter Value,Assurance,Resiliency,ATT&CK
AC-01-00,,X,,X,X,X,"Low,Moderate,High",X,X,X,"Low,Moderate,High",X,X,X,"Low,Moderate,High",,"c.1., c.2. 1st PV: at least annually",checked,,
AC-02-00,,,,X,X,X,"Low,Moderate,High",X,X,X,"Low,Moderate,High",,,,,,"h.1. 24 hours
h.2. 24 hours 
h.3. 24 hours 
j. at least quarterly",,,checked
AC-02-01,,,,,X,X,"Moderate,High",,X,X,"Moderate,High",,,,,,,,,
AC-02-02,,,,,X,X,"Moderate,High",,X,X,"Moderate,High",,,,,,"1st PV: disable 
2nd PV: not to exceed 72 hours",,,
AC-02-03,,,,,X,X,"Moderate,High",,X,X,"Moderate,High",,,,,,"1st PV: not to exceed 72 hours 
d. 90 days",,,
AC-02-04,,,,+,X,X,"Low,Moderate,High",+,X,X,"Low,Moderate,High",,,,,"Insider Threat,CNSSI No. 1015",,,,
AC-02-05,,,,+,X,X,"Low,Moderate,High",+,X,X,"Low,Moderate,High",+,X,X,"Low,Moderate,High",Insider Threat,it is the end of a user's standard work period,,,
AC-02-06,,,,,,,,,,,,,,,,,,,checked,
AC-02-07,,,,+,+,+,"Low,Moderate,High",+,+,+,"Low,Moderate,High",,,,,"Insider Threat,CNSSI No. 1015",,,,
AC-02-08,,,,,,,,,,,,,,,,,,,checked,
AC-02-09,,,,+,+,+,"Low,Moderate,High",+,+,+,"Low,Moderate,High",,,,,Insider Threat,,,,
AC-02-10,Withdrawn,,,,,,,,,,,,,,,,,,,
AC-02-11,,,,,,X,High,,,X,High,,,X,High,,,,,
AC-02-12,,,Implementation choices may create unintended privacy risks,+,+,X,"Low,Moderate,High",+,+,X,"Low,Moderate,High",,,,,Insider Threat,,,checked,
AC-02-13,,,,+,X,X,"Low,Moderate,High",+,X,X,"Low,Moderate,High",,,,,Insider Threat,1st PV: 30 minutes,,,
AC-03-00,,,,X,X,X,"Low,Moderate,High",X,X,X,"Low,Moderate,High",,,,,,,,,checked
AC-03-01,Withdrawn,,,,,,,,,,,,,,,,,,,
AC-03-02,,,,,,,,,,,,,,,,,,,checked,
AC-03-03,,,,,,,,,,,,,,,,,,,,
AC-03-04,,,,+,+,+,"Low,Moderate,High",+,+,+,"Low,Moderate,High",,,,,NIST Assumption: Some user data/information in organizational information systems is not shareable with other users who have authorized access to the same systems.,,,,
AC-03-05,,,,,,,,,,,,,,,,,,,,
AC-03-06,Withdrawn,,,,,,,,,,,,,,,,,,,
AC-03-07,,,,,,,,,,,,,,,,,,,checked,
AC-03-08,,,,,,,,,,,,,,,,,,,,
AC-03-09,,,,,,,,,,,,,,,,,,,,
AC-03-10,,,,,,,,,,,,,,,,,,,,
AC-03-11,,,,,,,,,,,,,,,,,,,checked,
AC-03-12,,,,,,,,,,,,,,,,,,,checked,
AC-03-13,,,,,,,,,,,,,,,,,,,checked,
AC-03-14,,--,,,,,,,,,,,,,,Privacy implementation is specific to systems with PII,,,,
AC-03-15,,,,,,,,,,,,,,,,,,,,
AC-04-00,,,PII should not flow through or into a system that is not authorized to process PII,,X,X,"Moderate,High",,X,X,"Moderate,High",,,,,,,,,checked
AC-04-01,,,PII should not flow through or into a system that is not authorized to process PII,,,,,,,,,,,,,,,,,
AC-04-02,,,PII should not flow through or into a system that is not authorized to process PII,,,,,,,,,,,,,,,,checked,
AC-04-03,,,PII should not flow through or into a system that is not authorized to process PII,,,,,,,,,,,,,,,,checked,
AC-04-04,,,PII should not flow through or into a system that is not authorized to process PII,,,X,High,,,X,High,,,,,,,,,
AC-04-05,,,PII should not flow through or into a system that is not authorized to process PII,,,,,,,,,,,,,,,,,
AC-04-06,,,PII should not flow through or into a system that is not authorized to process PII,,,,,,,,,,,,,,,,,
AC-04-07,,,,,,,,,,,,,,,,,,,,
AC-04-08,,,PII should not flow through or into a system that is not authorized to process PII,,,,,,,,,,,,,,,,checked,
AC-04-09,,,PII should not flow through or into a system that is not authorized to process PII,,,,,,,,,,,,,,,,,
AC-04-10,,,PII should not flow through or into a system that is not authorized to process PII,,,,,,,,,,,,,,,,,
AC-04-11,,,PII should not flow through or into a system that is not authorized to process PII,,,,,,,,,,,,,,,,,
AC-04-12,,,,,,,,,,,,,,,,,,,checked,
AC-04-13,,,,,,,,,,,,,,,,,,,,
AC-04-14,,,PII should not flow through or into a system that is not authorized to process PII,,,,,,,,,,,,,,,,,
AC-04-15,,,,,,,,,,,,,,,,,,,,
AC-04-16,Withdrawn,,,,,,,,,,,,,,,,,,,
AC-04-17,,,,,,,,,,,,,,,,,,,checked,
AC-04-18,Withdrawn,,,,,,,,,,,,,,,,,,,
AC-04-19,,,,,,,,,,,,,,,,,,,,
AC-04-20,,,,,,,,,,,,,,,,,,,,
AC-04-21,,,,,,,,,,,,,,,,,,,checked,
AC-04-22,,,,,,,,,,,,,,,,,,,,
AC-04-23,,,,,,,,,,,,,,,,,,,,
AC-04-24,,,,,,,,,,,,,,,,,,,,
AC-04-25,,,,,,,,,,,,,,,,,,,,
AC-04-26,,,,,,,,,,,,,,,,,,,,
AC-04-27,,,,,,,,,,,,,,,,,,,checked,
AC-04-28,,,,,,,,,,,,,,,,,,,,
AC-04-29,,,,,,,,,,,,,,,,,,,checked,
AC-04-30,,,,,,,,,,,,,,,,,,,checked,
AC-04-31,,,,,,,,,,,,,,,,,,,,
AC-04-32,,,,,,,,,,,,,,,,,,,,
AC-05-00,,,,+,X,X,"Low,Moderate,High",+,X,X,"Low,Moderate,High",,,,,Insider Threat,,,,checked
AC-06-00,,,,+,X,X,"Low,Moderate,High",+,X,X,"Low,Moderate,High",,,,,"Insider Threat,Consistent with CM-5(5)",,,checked,checked
AC-06-01,,,,+,X,X,"Low,Moderate,High",+,X,X,"Low,Moderate,High",,,,,Insider Threat,,,checked,
AC-06-02,,,,+,X,X,"Low,Moderate,High",+,X,X,"Low,Moderate,High",,,,,"Insider Threat,APT",privileged functions,,checked,
AC-06-03,,,,,,X,High,,,X,High,,,,,,,,checked,
AC-06-04,,,,,,,,,,,,,,,,,,,checked,
AC-06-05,,,,+,X,X,"Low,Moderate,High",+,X,X,"Low,Moderate,High",,,,,"Insider Threat,APT",,,checked,
AC-06-06,,,,,,,,,,,,,,,,,,,checked,
AC-06-07,,,,+,X,X,"Low,Moderate,High",+,X,X,"Low,Moderate,High",,,,,Insider Threat,,,checked,
AC-06-08,,,,+,+,+,"Low,Moderate,High",+,+,+,"Low,Moderate,High",,,,,APT,,,checked,
AC-06-09,,,Implementation choices may create unintended privacy risks,+,X,X,"Low,Moderate,High",+,X,X,"Low,Moderate,High",,,,,"Insider Threat,APT,CNSSI No. 1015",,,,
AC-06-10,,,,+,X,X,"Low,Moderate,High",+,X,X,"Low,Moderate,High",,,,,"Insider Threat,APT",,,checked,
AC-07-00,,,,X,X,X,"Low,Moderate,High",X,X,X,"Low,Moderate,High",X,X,X,"Low,Moderate,High",,b. notify system administrator,,,checked
AC-07-01,Withdrawn,,,,,,,,,,,,,,,,,,,
AC-07-02,,,,,,,,,,,,,,,,,,,,
AC-07-03,,,,,,,,,,,,,,,,,,,,
AC-07-04,,,,,,,,,,,,,,,,,,,checked,
AC-08-00,,+,,X,X,X,"Low,Moderate,High",X,X,X,"Low,Moderate,High",,,,,Ensure security and privacy collaborate on notice content,,,,checked
AC-09-00,,,,,,,,,,,,,,,,,,,,
AC-09-01,,,,,,,,,,,,,,,,,,,,
AC-09-02,,,,,,,,,,,,,,,,,,,,
AC-09-03,,,,,,,,,,,,,,,,,,,,
AC-09-04,,,,,,,,,,,,,,,,,,,,
AC-10-00,,,,,+,X,"Moderate,High",,+,X,"Moderate,High",,+,X,"Moderate,High","Insider Threat,APT","1st PV: all accounts 
2nd PV: maximum of 3 sessions",,,checked
AC-11-00,,,,+,X,X,"Low,Moderate,High",+,X,X,"Low,Moderate,High",,,,,Insider Threat,a. initiating a device lock after a period not to exceed 30 minutes; requiring the user to initiate a device lock before leaving the system unattended,,,checked
AC-11-01,,,,+,X,X,"Low,Moderate,High",,,,,,,,,Insider Threat,,,,
AC-12-00,,,,+,X,X,"Low,Moderate,High",+,X,X,"Low,Moderate,High",,,,,NSS Best Practice,,,checked,checked
AC-12-01,,,,+,+,+,"Low,Moderate,High",+,+,+,"Low,Moderate,High",,,,,"NSS Best Practice,NIST Assumption: Some user data/information in organizational information systems is not shareable with other users who have authorized access to the same systems.",all resources,,,
AC-12-02,,,,+,+,+,"Low,Moderate,High",+,+,+,"Low,Moderate,High",,,,,NSS Best Practice,,,,
AC-12-03,,,,,,,,,,,,,,,,,,,,
AC-13-00,Withdrawn,,,,,,,,,,,,,,,,,,,
AC-14-00,,,,X,X,X,"Low,Moderate,High",X,X,X,"Low,Moderate,High",,,,,,,,,checked
AC-14-01,Withdrawn,,,,,,,,,,,,,,,,,,,
AC-15-00,Withdrawn,,,,,,,,,,,,,,,,,,,
AC-16-00,,,,,+,+,"Moderate,High",,+,+,"Moderate,High",,,,,NSS Best Practice,f. 2nd PV: 90 days,,,checked
AC-16-01,,,,,,,,,,,,,,,,,,,,
AC-16-02,,,,,,,,,,,,,,,,,,,,
AC-16-03,,,,,,,,,,,,,,,,,,,,
AC-16-04,,,,,,,,,,,,,,,,,,,,
AC-16-05,,,,,,,,,,,,,,,,,,,,
AC-16-06,,,,,+,+,"Moderate,High",,+,+,"Moderate,High",,,,,NSS Best Practice,,,,
AC-16-07,,,,,+,+,"Moderate,High",,+,+,"Moderate,High",,,,,NSS Best Practice,,,,
AC-16-08,,,,,,,,,,,,,,,,,,,,
AC-16-09,,,,,,,,,,,,,,,,,,,,
AC-16-10,,,,,,,,,,,,,,,,,,,,
AC-17-00,,,,X,X,X,"Low,Moderate,High",X,X,X,"Low,Moderate,High",,,,,,,,,checked
AC-17-01,,,,+,X,X,"Low,Moderate,High",+,X,X,"Low,Moderate,High",,,,,Insider Threat,,,,
AC-17-02,,,,+,X,X,"Low,Moderate,High",+,X,X,"Low,Moderate,High",,,,,NSS Best Practice,,,,
AC-17-03,,,,+,X,X,"Low,Moderate,High",+,X,X,"Low,Moderate,High",,,,,NSS Best Practice,,,,
AC-17-04,,,,+,X,X,"Low,Moderate,High",+,X,X,"Low,Moderate,High",,,,,NSS Best Practice,,,,
AC-17-05,Withdrawn,,,,,,,,,,,,,,,,,,,
AC-17-06,,,,+,+,+,"Low,Moderate,High",,,,,,,,,NSS Best Practice,,,,
AC-17-07,Withdrawn,,,,,,,,,,,,,,,,,,,
AC-17-08,Withdrawn,,,,,,,,,,,,,,,,,,,
AC-17-09,,,,+,+,+,"Low,Moderate,High",+,+,+,"Low,Moderate,High",,,,,APT,,,,
AC-17-10,,,,,,+,High,,,+,High,,,,,NSS Best Practice,,,,
AC-18-00,,,,X,X,X,"Low,Moderate,High",X,X,X,"Low,Moderate,High",,,,,,,,,checked
AC-18-01,,,,+,X,X,"Low,Moderate,High",+,X,X,"Low,Moderate,High",,,,,NSS Best Practice,users and devices,,,
AC-18-02,Withdrawn,,,,,,,,,,,,,,,,,,,
AC-18-03,,,,+,X,X,"Low,Moderate,High",+,X,X,"Low,Moderate,High",,,,,NSS Best Practice,,,,
AC-18-04,,,,+,+,X,"Low,Moderate,High",+,+,X,"Low,Moderate,High",,,,,Insider Threat,,,,
AC-18-05,,,,,,X,High,,,X,High,,,,,,,,,
AC-19-00,,,,X,X,X,"Low,Moderate,High",X,X,X,"Low,Moderate,High",,,,,,,,,checked
AC-19-01,Withdrawn,,,,,,,,,,,,,,,,,,,
AC-19-02,Withdrawn,,,,,,,,,,,,,,,,,,,
AC-19-03,Withdrawn,,,,,,,,,,,,,,,,,,,
AC-19-04,,,,,,,,,,,,,,,,,,,,
AC-19-05,,,,+,X,X,"Low,Moderate,High",+,X,X,"Low,Moderate,High",,,,,NSM-8,2nd PV: all mobile computers/devices that process organization data,,,
AC-20-00,,,,X,X,X,"Low,Moderate,High",X,X,X,"Low,Moderate,High",,,,,,,,,checked
AC-20-01,,,,+,X,X,"Low,Moderate,High",+,X,X,"Low,Moderate,High",,,,,NSS Best Practice,,,,
AC-20-02,,,,+,X,X,"Low,Moderate,High",,,,,,,,,"Insider Threat,APT",,,,
AC-20-03,,,,+,+,+,"Low,Moderate,High",+,+,+,"Low,Moderate,High",,,,,"Insider Threat,APT",,,,
AC-20-04,,,,,,,,,,,,,,,,,,,,
AC-20-05,,,,,,,,,,,,,,,,,,,,
AC-21-00,,,,,X,X,"Moderate,High",,,,,,,,,,,,,checked
AC-21-01,,,,,,,,,,,,,,,,,,,,
AC-21-02,,,Implementation choices may create unintended privacy risks,,,,,,,,,,,,,,,,,
AC-22-00,,,,X,X,X,"Low,Moderate,High",,,,,,,,,,d. quarterly or as new information is posted,,,
AC-23-00,,,Implementation choices may create unintended privacy risks,,+,+,"Moderate,High",,,,,,,,,Insider Threat,,,checked,checked
AC-24-00,,,,,,,,,,,,,,,,,,,,
AC-24-01,,,,,,,,,,,,,,,,,,,,
AC-24-02,,,,,,,,,,,,,,,,,,,,
AC-25-00,,,,,,,,,,,,,,,,,,checked,,
AT-01-00,,X,,X,X,X,"Low,Moderate,High",X,X,X,"Low,Moderate,High",X,X,X,"Low,Moderate,High",,"a. all personnel 
c.1., c.2. 1st PV: at least annually",checked,,
AT-02-00,,X,,X,X,X,"Low,Moderate,High",X,X,X,"Low,Moderate,High",X,X,X,"Low,Moderate,High",,a.1. at least annually,checked,,
AT-02-01,,,,,,,,,,,,,,,,,,checked,checked,
AT-02-02,,,,X,X,X,"Low,Moderate,High",X,X,X,"Low,Moderate,High",X,X,X,"Low,Moderate,High",,,checked,,
AT-02-03,,,,+,X,X,"Low,Moderate,High",+,X,X,"Low,Moderate,High",+,X,X,"Low,Moderate,High","Insider Threat,Consistent with CM-5(5)",,checked,checked,
AT-02-04,,,,+,+,+,"Low,Moderate,High",+,+,+,"Low,Moderate,High",+,+,+,"Low,Moderate,High","Insider Threat,Consistent with CM-5(5)",,checked,,
AT-02-05,,,,+,+,+,"Low,Moderate,High",+,+,+,"Low,Moderate,High",+,+,+,"Low,Moderate,High","Insider Threat,APT",,checked,checked,
AT-02-06,,,,,,+,High,,,+,High,,,+,High,APT,,checked,,
AT-03-00,,X,,X,X,X,"Low,Moderate,High",X,X,X,"Low,Moderate,High",X,X,X,"Low,Moderate,High",,a.1. at least annually,checked,,
AT-03-01,,,,+,+,+,"Low,Moderate,High",+,+,+,"Low,Moderate,High",+,+,+,"Low,Moderate,High",NSS Best Practice,2nd PV: at least annual,checked,,
AT-03-02,,,,+,+,+,"Low,Moderate,High",+,+,+,"Low,Moderate,High",+,+,+,"Low,Moderate,High",Insider Threat,2nd PV: at least annual (NOTE: Significant changes to physical security systems may drive more frequent training.),checked,,
AT-03-03,,,,,,,,,,,,,,,,,,checked,checked,
AT-03-04,Withdrawn,,,,,,,,,,,,,,,,,,,
AT-03-05,,X,,,,,,,,,,,,,,,2nd PV: at least annual,checked,,
AT-04-00,,X,,X,X,X,"Low,Moderate,High",X,X,X,"Low,Moderate,High",X,X,X,"Low,Moderate,High",,,checked,,
AT-05-00,Withdrawn,,,,,,,,,,,,,,,,,,,
AT-06-00,,+,,,,+,High,,,+,High,,,+,High,"Feedback informs future training,NSS Best Practice","1st PV: at least annually or upon discovery of a security incident or privacy breach 
2nd PV: employee’s supervisor and organizational cybersecurity and privacy officials",checked,,
AU-01-00,,X,,X,X,X,"Low,Moderate,High",X,X,X,"Low,Moderate,High",X,X,X,"Low,Moderate,High",,"a. all personnel 
c.1., c.2. 1st PV: at least annually",checked,,
AU-02-00,,X,,X,X,X,"Low,Moderate,High",X,X,X,"Low,Moderate,High",,,,,,a. See the set of auditable events or activities specified in CNSSI No. 1015.,,,
AU-02-01,Withdrawn,,,,,,,,,,,,,,,,,,,
AU-02-02,Withdrawn,,,,,,,,,,,,,,,,,,,
AU-02-03,Withdrawn,,,,,,,,,,,,,,,,,,,
AU-02-04,Withdrawn,,,,,,,,,,,,,,,,,,,
AU-03-00,,,Close coordination between security and privacy is needed to manage privacy risks,X,X,X,"Low,Moderate,High",X,X,X,"Low,Moderate,High",,,,,,,,,
AU-03-01,,,Close coordination between security and privacy is needed to manage privacy risks,+,X,X,"Low,Moderate,High",+,X,X,"Low,Moderate,High",,,,,CNSSI No. 1015,,,,
AU-03-02,Withdrawn,,,,,,,,,,,,,,,,,,,
AU-03-03,,X,,,,,,,,,,,,,,,,,,
AU-04-00,,,,,,,,,,,,X,X,X,"Low,Moderate,High",,,,,
AU-04-01,,,Design choices may mitigate privacy risks,,,,,,,,,+,+,+,"Low,Moderate,High",Insider Threat,,,,
AU-05-00,,,Close coordination between security and privacy is needed to manage privacy risks,,,,,,,,,X,X,X,"Low,Moderate,High",,a. 2nd PV: near real time,,,
AU-05-01,,,,,,,,,,,,+,+,X,"Low,Moderate,High","Insider Threat,CNSSI No. 1015",3rd PV: maximum of 75%,,,
AU-05-02,,,,,,,,,,,,,,X,High,,3rd PV: minimally but not limited to: auditing software/hardware errors; failures in the audit capturing mechanisms; and audit storage capacity being reached or exceeded,,,
AU-05-03,,,,,,,,,,,,,,,,,,,checked,
AU-05-04,,,,,,,,,,,,,,,,,,,,
AU-05-05,,,,,,,,,,,,,,,,,,,,
AU-06-00,,,Close coordination between security and privacy is needed to manage privacy risks,X,X,X,"Low,Moderate,High",X,X,X,"Low,Moderate,High",,,,,,a. 1st PV: at least weekly (seven days),checked,checked,
AU-06-01,,,Design choices may mitigate privacy risks,+,X,X,"Low,Moderate,High",+,X,X,"Low,Moderate,High",,,,,CNSSI No. 1015,,checked,,
AU-06-02,Withdrawn,,,,,,,,,,,,,,,,,,,
AU-06-03,,,Implementation choices may create unintended privacy risks,+,X,X,"Low,Moderate,High",+,X,X,"Low,Moderate,High",,,,,"APT,Insider Threat,CNSSI No. 1015",,checked,checked,
AU-06-04,,,Design choices may mitigate privacy risks,+,+,+,"Low,Moderate,High",+,+,+,"Low,Moderate,High",,,,,CNSSI No. 1015,,checked,,
AU-06-05,,,Design choices may mitigate privacy risks,,,X,High,,,X,High,,,,,,,checked,checked,
AU-06-06,,,Design choices may mitigate privacy risks,,,X,High,,,X,High,,,,,,,checked,checked,
AU-06-07,,,Design choices may mitigate privacy risks,,,,,,,,,,,,,,,checked,,
AU-06-08,,,,,,,,,,,,,,,,,,checked,checked,
AU-06-09,,,Implementation choices may create unintended privacy risks,,,,,,,,,,,,,,,checked,checked,
AU-06-10,Withdrawn,,,,,,,,,,,,,,,,,,,
AU-07-00,,,,,X,X,"Moderate,High",,X,X,"Moderate,High",,,,,,,checked,,
AU-07-01,,,,,X,X,"Moderate,High",,X,X,"Moderate,High",,,,,,,checked,,
AU-07-02,Withdrawn,,,,,,,,,,,,,,,,,,,
AU-08-00,,,,,,,,X,X,X,"Low,Moderate,High",,,,,,,,,
AU-08-01,Withdrawn,,,,,,,,,,,,,,,,,,,
AU-08-02,Withdrawn,,,,,,,,,,,,,,,,,,,
AU-09-00,,+,,X,X,X,"Low,Moderate,High",X,X,X,"Low,Moderate,High",X,X,X,"Low,Moderate,High",Preserve accountability of system use,,,,
AU-09-01,,,,,,,,,,,,,,,,,,,checked,
AU-09-02,,,,,,X,High,,,X,High,,,X,High,,at least weekly,,checked,
AU-09-03,,,,,,,,,,X,High,,,,,,,,checked,
AU-09-04,,,,,,,,+,X,X,"Low,Moderate,High",,,,,Insider Threat,,,,
AU-09-05,,,,,,,,,,+,High,,,,,Insider Threat,2nd PV: any audit information,,checked,
AU-09-06,,,,,,,,,+,+,"Moderate,High",,+,+,"Moderate,High",Insider Threat,,,checked,
AU-09-07,,,,,,,,,,,,,,,,,,,checked,
AU-10-00,,+,,,,,,,+,X,"Moderate,High",,,,,"Preserve accountability of system use,Insider Threat",,checked,,
AU-10-01,,,Design choices may mitigate privacy risks,,,,,,,,,,,,,,,checked,,
AU-10-02,,,Design choices may mitigate privacy risks,,,,,,,,,,,,,,,checked,checked,
AU-10-03,,,Design choices may mitigate privacy risks,,,,,,,,,,,,,,,checked,,
AU-10-04,,,Design choices may mitigate privacy risks,,,,,,,,,,,,,,,checked,,
AU-10-05,Withdrawn,,,,,,,,,,,,,,,,,,,
AU-11-00,,X,,,,,,,,,,X,X,X,"Low,Moderate,High",,the time period identified in the current National Archives and Records Administration (NARA) General Records Schedules (GRS),,,
AU-11-01,,,Implementation choices may create unintended privacy risks,,,,,,,,,+,+,+,"Low,Moderate,High",NSS Best Practice,a retention of capability to access audit records for the duration of the required retention period,checked,,
AU-12-00,,+,,X,X,X,"Low,Moderate,High",X,X,X,"Low,Moderate,High",,,,,Ensure security and privacy collaboration,a. all information systems and network components,,,
AU-12-01,,,,,,,,+,+,X,"Low,Moderate,High",,,,,"Insider Threat,CNSSI No. 1015",2nd PV: organizational tolerance defined in AU-8,,,
AU-12-02,,,,,,,,,,,,,,,,,,,,
AU-12-03,,,Design choices may mitigate privacy risks,+,+,X,"Low,Moderate,High",+,+,X,"Low,Moderate,High",,,,,Insider Threat,,,,
AU-12-04,,,Design choices may mitigate privacy risks,,,,,,,,,,,,,,,,,
AU-13-00,,,Close coordination between security and privacy is needed to manage privacy risks,,,,,,,,,,,,,,,checked,checked,
AU-13-01,,,Implementation choices may create unintended privacy risks,,,,,,,,,,,,,,,checked,,
AU-13-02,,,Implementation choices may create unintended privacy risks,,,,,,,,,,,,,,,checked,,
AU-13-03,,,,,,,,,,,,,,,,,,checked,checked,
AU-14-00,,,Close coordination between security and privacy is needed to manage privacy risks,+,+,+,"Low,Moderate,High",+,+,+,"Low,Moderate,High",,,,,Insider Threat,,checked,,
AU-14-01,,,,+,+,+,"Low,Moderate,High",+,+,+,"Low,Moderate,High",,,,,Insider Threat,,checked,,
AU-14-02,Withdrawn,,,,,,,,,,,,,,,,,,,
AU-14-03,,,Design choices may mitigate privacy risks,+,+,+,"Low,Moderate,High",,,,,,,,,Insider Threat,,checked,,
AU-15-00,Withdrawn,,,,,,,,,,,,,,,,,,,
AU-16-00,,,PII should not flow through or into a system that is not authorized to process PII,,,,,,+,+,"Moderate,High",,,,,Insider Threat,,,,
AU-16-01,,,Design choices may mitigate privacy risks,,,,,,+,+,"Moderate,High",,,,,Insider Threat,,,,
AU-16-02,,,Design choices may mitigate privacy risks,,,,,,+,+,"Moderate,High",,,,,Insider Threat,,,,
AU-16-03,,,Implementation choices may create unintended privacy risks,,,,,,,,,,,,,,,,,
CA-01-00,,X,,X,X,X,"Low,Moderate,High",X,X,X,"Low,Moderate,High",X,X,X,"Low,Moderate,High",,"c.1., c.2. 1st PV: at least annually",checked,,
CA-02-00,,X,,X,X,X,"Low,Moderate,High",X,X,X,"Low,Moderate,High",X,X,X,"Low,Moderate,High",,"d. at least annually, or as stipulated in the organization's continuous monitoring program",checked,,checked
CA-02-01,,,Implementation choices may create unintended privacy risks,+,X,X,"Low,Moderate,High",+,X,X,"Low,Moderate,High",+,X,X,"Low,Moderate,High",Insider Threat,,checked,,
CA-02-02,,,Implementation choices may create unintended privacy risks,,,X,High,,,X,High,,,X,High,,,checked,,
CA-02-03,,,,,,,,,,,,,,,,,,checked,,
CA-03-00,,,,X,X,X,"Low,Moderate,High",X,X,X,"Low,Moderate,High",,,,,,,checked,,
CA-03-01,Withdrawn,,,,,,,,,,,,,,,,,,,
CA-03-02,Withdrawn,,,,,,,,,,,,,,,,,,,
CA-03-03,Withdrawn,,,,,,,,,,,,,,,,,,,
CA-03-04,Withdrawn,,,,,,,,,,,,,,,,,,,
CA-03-05,Withdrawn,,,,,,,,,,,,,,,,,,,
CA-03-06,,,,,+,X,"Moderate,High",,+,X,"Moderate,High",,,,,"Insider Threat,APT",,checked,,
CA-03-07,,,,,,,,,,,,,,,,,,checked,,
CA-04-00,Withdrawn,,,,,,,,,,,,,,,,,,,
CA-05-00,,X,,X,X,X,"Low,Moderate,High",X,X,X,"Low,Moderate,High",X,X,X,"Low,Moderate,High",,,checked,,
CA-05-01,,,,,,,,,,,,,,,,,,checked,,
CA-06-00,,X,,X,X,X,"Low,Moderate,High",X,X,X,"Low,Moderate,High",X,X,X,"Low,Moderate,High",,"e. commensurate with the risk to the information in the system and at least every three (3) years (unless the organization and/or system is adequately covered by a continuous monitoring program and has transitioned to ongoing authorizations), when significant security breaches occur, or whenever there is a significant change to the system or to the environment in which the system operates. ",checked,,
CA-06-01,,,,,,,,,,,,,,,,,,checked,,
CA-06-02,,,,,,,,,,,,,,,,,,checked,,
CA-07-00,,X,,X,X,X,"Low,Moderate,High",X,X,X,"Low,Moderate,High",X,X,X,"Low,Moderate,High",,,checked,,checked
CA-07-01,,,,,X,X,"Moderate,High",,X,X,"Moderate,High",,X,X,"Moderate,High",,,checked,,
CA-07-02,Withdrawn,,,,,,,,,,,,,,,,,,,
CA-07-03,,,,+,+,+,"Low,Moderate,High",+,+,+,"Low,Moderate,High",+,+,+,"Low,Moderate,High",Insider Threat,,checked,checked,
CA-07-04,,X,,X,X,X,"Low,Moderate,High",X,X,X,"Low,Moderate,High",X,X,X,"Low,Moderate,High",,,checked,,
CA-07-05,,,,+,+,+,"Low,Moderate,High",+,+,+,"Low,Moderate,High",+,+,+,"Low,Moderate,High",NSS Best Practice,,checked,checked,
CA-07-06,,,,,+,+,"Moderate,High",,+,+,"Moderate,High",,+,+,"Moderate,High",NSS Best Practice,,checked,checked,
CA-08-00,,,,,,X,High,,,X,High,,,X,High,,,checked,checked,checked
CA-08-01,,,,,,X,High,,,X,High,,,X,High,,,checked,checked,
CA-08-02,,,,,,,,,,,,,,,,,,checked,checked,
CA-08-03,,,,,,+,High,,,+,High,,,+,High,Insider Threat,,checked,checked,
CA-09-00,,,,X,X,X,"Low,Moderate,High",X,X,X,"Low,Moderate,High",,,,,,d. at least annually,checked,,
CA-09-01,,,,,,,,,,,,,,,,,,checked,,
CM-01-00,,X,,X,X,X,"Low,Moderate,High",X,X,X,"Low,Moderate,High",,,,,,"c.1., c.2. 1st PV: at least annually",checked,,
CM-02-00,,,,,,,,X,X,X,"Low,Moderate,High",,,,,,b.1. at least annually,checked,,checked
CM-02-01,Withdrawn,,,,,,,,,,,,,,,,,,,
CM-02-02,,,,,,,,,X,X,"Moderate,High",,,,,,,checked,,
CM-02-03,,,,,,,,,X,X,"Moderate,High",,,,,,at least two,checked,,
CM-02-04,Withdrawn,,,,,,,,,,,,,,,,,,,
CM-02-05,Withdrawn,,,,,,,,,,,,,,,,,,,
CM-02-06,,,,,,,,,,,,,,,,,,checked,,
CM-02-07,,,,,,,,,X,X,"Moderate,High",,,,,,,checked,checked,
CM-03-00,,,,,,,,+,X,X,"Low,Moderate,High",,,,,"Enables continuous monitoring,Insider Threat","e. 1 year or two change cycles of baseline configurations as defined in CM-2(3), whichever is longer",checked,,checked
CM-03-01,,,,,,,,,,X,High,,,,,,,checked,,
CM-03-02,,,,,,,,,X,X,"Moderate,High",,,,,,,checked,,
CM-03-03,,,,,,,,,,,,,,,,,,,,
CM-03-04,,,,,,,,+,X,X,"Low,Moderate,High",,,,,Consistent with CM-3,"1st PV: at a minimum, the cybersecurity representative as a voting member 
2nd PV: configuration control element defined in CM-3.g.",,,
CM-03-05,,,,,,,,,,+,High,,,,,CNSS White Paper “Security-Focused Configuration Management”,,,,
CM-03-06,,,,,,,,+,+,X,"Low,Moderate,High",,,,,Insider Threat,all controls that rely on cryptography,,,
CM-03-07,,,,,,,,+,+,+,"Low,Moderate,High",,,,,"Insider Threat,CNSS White Paper “Security-Focused Configuration Management”","1st PV: annually for Low Integrity, quarterly for Moderate Integrity, and monthly for High Integrity 
2nd PV: there is an incident or once planned changes have been performed",,,
CM-03-08,,,,,,,,,,+,High,,,,,"NSS Best Practice,(avoids denial of service)","when the configuration change may adversely impact operations or mission (e.g., exercises, real world operations)",,,
CM-04-00,,X,,,,,,X,X,X,"Low,Moderate,High",,,,,,,checked,,
CM-04-01,,,,,,,,,+,X,"Moderate,High",,,,,NSS Best Practice,,checked,checked,
CM-04-02,,,,,,,,,X,X,"Moderate,High",,,,,,,checked,,
CM-05-00,,,,,,,,X,X,X,"Low,Moderate,High",,,,,,,,,checked
CM-05-01,,,,,,,,,+,X,"Moderate,High",,,,,Insider Threat,,,,
CM-05-02,Withdrawn,,,,,,,,,,,,,,,,,,,
CM-05-03,Withdrawn,,,,,,,,,,,,,,,,,,,
CM-05-04,,,,,,,,,,,,,,,,,,,checked,
CM-05-05,,,,,,,,+,+,+,"Low,Moderate,High",,,,,"Insider Threat,Consistent with AC-6",5.b. at least annually,,checked,
CM-05-06,,,,,,,,+,+,+,"Low,Moderate,High",,,,,"Insider Threat,APT",,,checked,
CM-05-07,Withdrawn,,,,,,,,,,,,,,,,,,,
CM-06-00,,,Design choices may mitigate privacy risks,,,,,X,X,X,"Low,Moderate,High",,,,,,"a. organizationally approved guides such as DoD SRGs, STIGs, or NSA SCGs; if such a reference document is not available, the following are acceptable in descending order as available: (1) commercially accepted practices (e.g., SANS) (2) independent testing results (e.g., ICSA) or (3) vendor literature c. 1st PV: all configurable system components.",,,checked
CM-06-01,,,,,,,,,+,X,"Moderate,High",,,,,"Insider Threat,CNSSI No. 1015","1st PV: at a minimum, all cybersecurity and cybersecurity-enabled IT products components",,,
CM-06-02,,,,,,,,,,X,High,,,,,,,,,
CM-06-03,Withdrawn,,,,,,,,,,,,,,,,,,,
CM-06-04,Withdrawn,,,,,,,,,,,,,,,,,,,
CM-07-00,,,,X,X,X,"Low,Moderate,High",X,X,X,"Low,Moderate,High",,,,,,"b. all functions, ports, protocols, software, and services within the system identified to be unnecessary and/or nonsecure",,,checked
CM-07-01,,,,+,X,X,"Low,Moderate,High",+,X,X,"Low,Moderate,High",,,,,"Insider Threat,APT","a. at least annually or as system changes or incidents occur 
b. all functions, ports, protocols, software, and services within the information system identified to be unnecessary and/or nonsecure",,,
CM-07-02,,,,+,X,X,"Low,Moderate,High",+,X,X,"Low,Moderate,High",,,,,Insider Threat,,,checked,
CM-07-03,,,,+,+,+,"Low,Moderate,High",+,+,+,"Low,Moderate,High",,,,,Insider Threat,,,,
CM-07-04,,,,,,,,,,,,,,,,,,,checked,
CM-07-05,,,,+,X,X,"Low,Moderate,High",+,X,X,"Low,Moderate,High",,,,,"Insider Threat,APT,CNSSP No. 26",c. at least annually,,checked,
CM-07-06,,,,,,,,,,,,,,,,,,checked,checked,
CM-07-07,,,,,,,,,,,,,,,,,,checked,checked,
CM-07-08,,,,,,,,+,+,+,"Low,Moderate,High",,,,,APT,,checked,,
CM-07-09,,,,,,,,+,+,+,"Low,Moderate,High",,,,,"NSS Best Practice,(asset inventory)",c. at least annually,checked,,
CM-08-00,,,,,,,,X,X,X,"Low,Moderate,High",,,,,,"a.5. minimally but not limited to: hardware specifications (manufacturer, type, model, serial number, physical location), software and software license information, information system/component owner, and for a networked component/device, the machine name 
b. at least annually",checked,,checked
CM-08-01,,,,,,,,,X,X,"Moderate,High",,,,,,,checked,,
CM-08-02,,,,,,,,+,+,X,"Low,Moderate,High",,,,,NSS Best Practice,,checked,,
CM-08-03,,,,,,,,+,X,X,"Low,Moderate,High",,,,,"Insider Threat,APT",a. 2nd PV: continuously,checked,checked,
CM-08-04,,,,,,X,High,,,X,High,,,,,,minimally position or role,checked,,
CM-08-05,Withdrawn,,,,,,,,,,,,,,,,,,,
CM-08-06,,,,,,,,,,,,,,,,,,checked,,
CM-08-07,,,,,,,,,,,,,,,,,,checked,,
CM-08-08,,,"Design choices may mitigate privacy risks,Implementation choices may create unintended privacy risks",,,,,,,,,,,,,,,checked,,
CM-08-09,,,,,,,,,,,,,,,,,,checked,,
CM-09-00,,,,,,,,+,X,X,"Low,Moderate,High",,,,,Consistent with the control allocations for the CM family,,,,
CM-09-01,,,,,,,,,,,,,,,,,,,,
CM-10-00,,,,,,,,X,X,X,"Low,Moderate,High",,,,,,,,,checked
CM-10-01,,,,,,,,+,+,+,"Low,Moderate,High",,,,,NSS Best Practice,,,,
CM-11-00,,,,X,X,X,"Low,Moderate,High",X,X,X,"Low,Moderate,High",,,,,,c. continuously,,,checked
CM-11-01,Withdrawn,,,,,,,,,,,,,,,,,,,
CM-11-02,,,,+,+,+,"Low,Moderate,High",+,+,+,"Low,Moderate,High",,,,,"Insider Threat,APT",,,,
CM-11-03,,,,,,,,,,,,,,,,,,checked,,
CM-12-00,,,,,X,X,"Moderate,High",,X,X,"Moderate,High",,X,X,"Moderate,High",,,checked,,
CM-12-01,,,,,X,X,"Moderate,High",,X,X,"Moderate,High",,X,X,"Moderate,High",,,checked,,
CM-13-00,,,,,,,,,,,,,,,,,,,,
CM-14-00,,,,,,,,,+,+,"Moderate,High",,,,,"Insider Threat,APT,CNSSD No. 505",any software and firmware components,checked,checked,
CP-01-00,,+,,X,X,X,"Low,Moderate,High",X,X,X,"Low,Moderate,High",X,X,X,"Low,Moderate,High",Ensure security and privacy collaboration,"a. at a minimum, key cybersecurity and privacy personnel including SAOP or designee 
c.1., c.2. 1st PV: at least annually",checked,,
CP-02-00,,,,,,,,,,,,X,X,X,"Low,Moderate,High",,"b. key personnel or roles and organizational elements identified in the contingency plan 
d. at least annually 
f. key personnel and organizational elements identified in the contingency plan",,,checked
CP-02-01,,,,,,,,,,,,,X,X,"Moderate,High",,,,checked,
CP-02-02,,,,,,,,,,,,,,X,High,,,,,
CP-02-03,,,,,,,,,,,,,X,X,"Moderate,High",,2nd PV: a time period as defined in the contingency plan,,,
CP-02-04,Withdrawn,,,,,,,,,,,,,,,,,,,
CP-02-05,,,,,,,,,,,,,,X,High,,,,checked,
CP-02-06,,,,,,,,,,,,,,,,,,,,
CP-02-07,,,,,,,,,,,,,,,,,,,,
CP-02-08,,,,,,,,,,,,,X,X,"Moderate,High",,,,checked,
CP-03-00,,,,,,,,,,,,X,X,X,"Low,Moderate,High",,"a.1. 10 working days 
a.3. annually or as defined in the contingency plan 
b.1st PV: at least annually",checked,,
CP-03-01,,,,,,,,,,,,,,X,High,,,checked,,
CP-03-02,,,,,,,,,,,,,,,,,,checked,,
CP-04-00,,,,,,,,,,,,X,X,X,"Low,Moderate,High",,"a.1st PV: at a frequency as defined in the contingency plan 
a. 2nd PV: tests as defined in the contingency plan",checked,,
CP-04-01,,,,,,,,,,,,,X,X,"Moderate,High",,,checked,,
CP-04-02,,,,,,,,,,,,,,X,High,,,checked,,
CP-04-03,,,,,,,,,,,,,,,,,,checked,,
CP-04-04,,,,,,,,,,,,,,,,,,checked,,
CP-04-05,,,,,,,,,,,,,,,,,,checked,checked,
CP-05-00,Withdrawn,,,,,,,,,,,,,,,,,,,
CP-06-00,,,,,,,,,,,,,X,X,"Moderate,High",,,,,checked
CP-06-01,,,,,,,,,,,,,X,X,"Moderate,High",,,,,
CP-06-02,,,,,,,,,,,,,,X,High,,,,,
CP-06-03,,,,,,,,,,,,,X,X,"Moderate,High",,,,,
CP-07-00,,,,,,,,,,,,,X,X,"Moderate,High",,"a. 1st PV: system operations as defined in the contingency plan 
a. 2nd PV: a time period as defined in the contingency plan",,,checked
CP-07-01,,,,,,,,,,,,,X,X,"Moderate,High",,,,,
CP-07-02,,,,,,,,,,,,,X,X,"Moderate,High",,,,,
CP-07-03,,,,,,,,,,,,,X,X,"Moderate,High",,,,,
CP-07-04,,,,,,,,,,,,,,X,High,,,,,
CP-07-05,Withdrawn,,,,,,,,,,,,,,,,,,,
CP-07-06,,,,,,,,,,,,,,,,,,,,
CP-08-00,,,,,,,,,,,,,X,X,"Moderate,High",,"1st PV: system operations as defined in the contingency plan 
2nd PV: a time period as defined in the contingency plan",,,
CP-08-01,,,,,,,,,,,,,X,X,"Moderate,High",,,,,
CP-08-02,,,,,,,,,,,,,X,X,"Moderate,High",,,,,
CP-08-03,,,,,,,,,,,,,,X,High,,,,checked,
CP-08-04,,,,,,,,,,,,,,X,High,,,,,
CP-08-05,,,,,,,,,,,,,,+,High,NSS Best Practice,,,,
CP-09-00,,,,X,X,X,"Low,Moderate,High",X,X,X,"Low,Moderate,High",X,X,X,"Low,Moderate,High",,"a. 2nd PV: at least weekly or as defined in the contingency plan 
b. at least weekly or as defined in the contingency plan 
c. when created, received, updated, or as defined in the contingency plan",,checked,checked
CP-09-01,,,,,,,,,X,X,"Moderate,High",,X,X,"Moderate,High",,at least monthly or as defined in the contingency plan,,checked,
CP-09-02,,,,,,,,,,,,,,X,High,,,,,
CP-09-03,,,,,,,,,,,,,,X,High,,,,,
CP-09-04,Withdrawn,,,,,,,,,,,,,,,,,,,
CP-09-05,,,,,,,,,,,,,+,X,"Moderate,High",Consistent with CP-6,,,,
CP-09-06,,,,,,,,,,,,,,,,,,,checked,
CP-09-07,,,,,,,,,,,,,,,,,,,checked,
CP-09-08,,,,+,X,X,"Low,Moderate,High",+,X,X,"Low,Moderate,High",+,X,X,"Low,Moderate,High",NSS Best Practice,,,checked,
CP-10-00,,,,,,,,,,,,X,X,X,"Low,Moderate,High",,a time period as defined in the contingency plan,,,checked
CP-10-01,Withdrawn,,,,,,,,,,,,,,,,,,,
CP-10-02,,,,,,,,,,,,,X,X,"Moderate,High",,,,,
CP-10-03,Withdrawn,,,,,,,,,,,,,,,,,,,
CP-10-04,,,,,,,,,,,,,,X,High,,,,,
CP-10-05,Withdrawn,,,,,,,,,,,,,,,,,,,
CP-10-06,,,,,,,,,,,,,,+,High,APT,,,,
CP-11-00,,,,,,,,,,,,,,,,,,,checked,
CP-12-00,,,,,,,,,,,,,,,,,,checked,checked,
CP-13-00,,,,,,,,,,,,,,,,,,,checked,
IA-01-00,,+,,X,X,X,"Low,Moderate,High",X,X,X,"Low,Moderate,High",,,,,Ensure security and privacy collaboration,"c.1., c.2. 1st PV: at least annually",checked,,
IA-02-00,,,Implementation choices may create unintended privacy risks,X,X,X,"Low,Moderate,High",X,X,X,"Low,Moderate,High",,,,,,,,,checked
IA-02-01,,,,X,X,X,"Low,Moderate,High",X,X,X,"Low,Moderate,High",,,,,,,,,
IA-02-02,,,,X,X,X,"Low,Moderate,High",X,X,X,"Low,Moderate,High",,,,,,,,,
IA-02-03,Withdrawn,,,,,,,,,,,,,,,,,,,
IA-02-04,Withdrawn,,,,,,,,,,,,,,,,,,,
IA-02-05,,,,+,+,X,"Low,Moderate,High",+,+,X,"Low,Moderate,High",,,,,Insider Threat,,,,
IA-02-06,,,,+,+,+,"Low,Moderate,High",+,+,+,"Low,Moderate,High",,,,,"Insider Threat,APT","1st PV: local, network, and remote 
2nd PV: privileged and non- privileged accounts",,checked,
IA-02-07,Withdrawn,,,,,,,,,,,,,,,,,,,
IA-02-08,,,,X,X,X,"Low,Moderate,High",X,X,X,"Low,Moderate,High",,,,,,"privileged accounts, at a minimum",,,
IA-02-09,Withdrawn,,,,,,,,,,,,,,,,,,,
IA-02-10,,,,,,,,,,,,,,,,,,,,
IA-02-11,Withdrawn,,,,,,,,,,,,,,,,,,,
IA-02-12,,,,X,X,X,"Low,Moderate,High",X,X,X,"Low,Moderate,High",,,,,,,,,
IA-02-13,,,,,,,,,,,,,,,,,,,checked,
IA-03-00,,,Implementation choices may create unintended privacy risks,+,X,X,"Low,Moderate,High",+,X,X,"Low,Moderate,High",,,,,APT,,,,checked
IA-03-01,,,,,+,+,"Moderate,High",,+,+,"Moderate,High",,,,,"Insider Threat,APT,CNSSP No. 17",,,checked,
IA-03-02,Withdrawn,,,,,,,,,,,,,,,,,,,
IA-03-03,,,,,,,,,,,,,,,,,,,,
IA-03-04,,,,,,,,,,,,,,,,,,,,
IA-04-00,,,Implementation choices may create unintended privacy risks,X,X,X,"Low,Moderate,High",X,X,X,"Low,Moderate,High",,,,,,"d. at least a year for individuals, groups, roles",,,checked
IA-04-01,,,,,,,,,,,,,,,,,,,,
IA-04-02,Withdrawn,,,,,,,,,,,,,,,,,,,
IA-04-03,Withdrawn,,,,,,,,,,,,,,,,,,,
IA-04-04,,,,+,X,X,"Low,Moderate,High",+,X,X,"Low,Moderate,High",,,,,Insider Threat,,,,
IA-04-05,,,,,,,,,,,,,,,,,,,,
IA-04-06,,,,,,,,,,,,,,,,,,,,
IA-04-07,Withdrawn,,,,,,,,,,,,,,,,,,,
IA-04-08,,,,,,,,,,,,,,,,,,,,
IA-04-09,,,Implementation choices may create unintended privacy risks,+,+,+,"Low,Moderate,High",+,+,+,"Low,Moderate,High",,,,,Consistent with desired allocation of IA-2 & IA-3 & IA-8 and IA-9.,,,,
IA-05-00,,,Implementation choices may create unintended privacy risks,X,X,X,"Low,Moderate,High",X,X,X,"Low,Moderate,High",,,,,,f. 1st PV: not to exceed 180 days for passwords,,,checked
IA-05-01,,,,X,X,X,"Low,Moderate,High",X,X,X,"Low,Moderate,High",,,,,,"a. at least quarterly 
h. a case sensitive 12- character mix of uppercase letters, lowercase letters, numbers, and special characters in including at least one of each; modify at least 50% of the characters when new passwords are created",,,
IA-05-02,,,,,X,X,"Moderate,High",,X,X,"Moderate,High",,,,,,,,,
IA-05-03,Withdrawn,,,,,,,,,,,,,,,,,,,
IA-05-04,Withdrawn,,,,,,,,,,,,,,,,,,,
IA-05-05,,,,,,,,,,,,,,,,,,,,
IA-05-06,,,,,X,X,"Moderate,High",,X,X,"Moderate,High",,,,,,,,,
IA-05-07,,,,+,+,+,"Low,Moderate,High",,,,,,,,,NSS Best Practice,,,,
IA-05-08,,,,+,+,+,"Low,Moderate,High",+,+,+,"Low,Moderate,High",,,,,"Insider Threat,APT","precautions including advising users that they must not use the same password for any of the following: domains of differing classification levels; more than one domain of a classification level (e.g., internal agency network and Intelink); more than one privilege level (e.g., user, administrator)",,,
IA-05-09,,,,,,,,,,,,,,,,,,,,
IA-05-10,,,,,,,,,,,,,,,,,,,,
IA-05-11,Withdrawn,,,,,,,,,,,,,,,,,,,
IA-05-12,,,,,,,,,,,,,,,,,,,,
IA-05-13,,,,+,+,+,"Low,Moderate,High",+,+,+,"Low,Moderate,High",,,,,NSS Best Practice,,,,
IA-05-14,,,,+,+,+,"Low,Moderate,High",+,+,+,"Low,Moderate,High",,,,,CNSSP No. 25,,,,
IA-05-15,,,,,,,,,,,,,,,,,,,,
IA-05-16,,,,+,+,+,"Low,Moderate,High",+,+,+,"Low,Moderate,High",,,,,"In support of IA-12(4),Insider Threat,APT",,,,
IA-05-17,,,,,,,,,,,,,,,,,,,,
IA-05-18,,,,,,,,,,,,,,,,,,,,
IA-06-00,,,,X,X,X,"Low,Moderate,High",,,,,,,,,,,,,checked
IA-07-00,,,,X,X,X,"Low,Moderate,High",X,X,X,"Low,Moderate,High",,,,,,,,,checked
IA-08-00,,,Implementation choices may create unintended privacy risks,X,X,X,"Low,Moderate,High",X,X,X,"Low,Moderate,High",,,,,,,,,checked
IA-08-01,,,,X,X,X,"Low,Moderate,High",X,X,X,"Low,Moderate,High",,,,,,,,,
IA-08-02,,,,,,,,X,X,X,"Low,Moderate,High",,,,,,,,,
IA-08-03,Withdrawn,,,,,,,,,,,,,,,,,,,
IA-08-04,,,,,,,,X,X,X,"Low,Moderate,High",,,,,,,,,
IA-08-05,,,,,,,,,,,,,,,,,,,,
IA-08-06,,,,,,,,,,,,,,,,,,,,
IA-09-00,,,,+,+,+,"Low,Moderate,High",+,+,+,"Low,Moderate,High",,,,,"Insider Threat,APT",,,,checked
IA-09-01,Withdrawn,,,,,,,,,,,,,,,,,,,
IA-09-02,Withdrawn,,,,,,,,,,,,,,,,,,,
IA-10-00,,,,,,+,High,,,+,High,,,,,"Insider Threat,APT",,,checked,
IA-11-00,,,,X,X,X,"Low,Moderate,High",X,X,X,"Low,Moderate,High",,,,,,,,,checked
IA-12-00,,,Implementation choices may create unintended privacy risks,+,X,X,"Low,Moderate,High",+,X,X,"Low,Moderate,High",,,,,Insider Threat,,,,checked
IA-12-01,,,,+,+,+,"Low,Moderate,High",+,+,+,"Low,Moderate,High",,,,,Insider Threat,,,,
IA-12-02,,,Implementation choices may create unintended privacy risks,+,X,X,"Low,Moderate,High",+,X,X,"Low,Moderate,High",,,,,Insider Threat,,,,
IA-12-03,,,Implementation choices may create unintended privacy risks,+,X,X,"Low,Moderate,High",+,X,X,"Low,Moderate,High",,,,,Insider Threat,,,,
IA-12-04,,,Implementation choices may create unintended privacy risks,,,X,High,,,X,High,,,,,,,,,
IA-12-05,,,Implementation choices may create unintended privacy risks,,--,--,,,--,--,,,,,,,,,,
IA-12-06,,,Implementation choices may create unintended privacy risks,,,,,,,,,,,,,,,,,
IR-01-00,,X,,X,X,X,"Low,Moderate,High",X,X,X,"Low,Moderate,High",X,X,X,"Low,Moderate,High",,"c.1., c.2. 1st PV: at least annually",checked,,
IR-02-00,,X,,X,X,X,"Low,Moderate,High",X,X,X,"Low,Moderate,High",X,X,X,"Low,Moderate,High",,"a.1: 30 working days 
a.3: at least annually 
b. 1st PV: at least annually",checked,,
IR-02-01,,,,,,X,High,,,X,High,,,X,High,,,checked,,
IR-02-02,,,,,,,,,,X,High,,,X,High,,,checked,,
IR-02-03,,X,,,,,,,,,,,,,,,,checked,,
IR-03-00,,X,,+,X,X,"Low,Moderate,High",+,X,X,"Low,Moderate,High",+,X,X,"Low,Moderate,High",Consistent with IR-1,1st PV: at least annually,checked,,
IR-03-01,,,,,,,,,,,,,,,,,,checked,,
IR-03-02,,,,,X,X,"Moderate,High",,X,X,"Moderate,High",,X,X,"Moderate,High",,,checked,,
IR-03-03,,,,,,,,,,,,,,,,,,checked,,
IR-04-00,,X,,X,X,X,"Low,Moderate,High",X,X,X,"Low,Moderate,High",X,X,X,"Low,Moderate,High",,,,,
IR-04-01,,,,,X,X,"Moderate,High",,X,X,"Moderate,High",,X,X,"Moderate,High",,,,,
IR-04-02,,,,,,,,,,,,,,,,,,,checked,
IR-04-03,,,,,+,+,"Moderate,High",,+,+,"Moderate,High",,+,+,"Moderate,High","EO 13857,APT,Insider Threat",,,checked,
IR-04-04,,,Design choices may mitigate privacy risks,+,+,X,"Low,Moderate,High",+,+,X,"Low,Moderate,High",+,+,X,"Low,Moderate,High","EO 13857,NSM-8,APT,Consistent with IR-5 and IR-6,Insider Threat",,,checked,
IR-04-05,,,Design choices may mitigate privacy risks,,,,,,,,,,,,,,,,,
IR-04-06,,,,+,+,+,"Low,Moderate,High",+,+,+,"Low,Moderate,High",+,+,+,"Low,Moderate,High","EO 13857,Insider Threat,CNSSD No. 504",,,,
IR-04-07,,+,,+,+,+,"Low,Moderate,High",+,+,+,"Low,Moderate,High",+,+,+,"Low,Moderate,High","Recognize broader privacy interests,EO 13857,Insider Threat,CNSSD No. 504","at a minimum, Senior Agency Official for Privacy or designee and key cybersecurity personnel",,,
IR-04-08,,,Design choices may mitigate privacy risks,+,+,+,"Low,Moderate,High",+,+,+,"Low,Moderate,High",+,+,+,"Low,Moderate,High","EO 13857,NSM-8,Insider Threat,Consistent with IR-4(4)","1st PV: the National Manager, through the appropriate Federal Cyber Center or other designated central department point of contact (such as US-CERT, DoD CERT, IC CERT) 
2nd PV: at a minimum, a known or suspected compromise or unauthorized access ",,,
IR-04-09,,,,,,,,,,,,,,,,,,,checked,
IR-04-10,,,,,,+,High,,,+,High,,,+,High,NSM-8,,,checked,
IR-04-11,,,Design choices may mitigate privacy risks,,,X,High,,,X,High,,,X,High,,,,checked,
IR-04-12,,,,,+,+,"Moderate,High",,+,+,"Moderate,High",,+,+,"Moderate,High",APT,,,checked,
IR-04-13,,,Design choices may mitigate privacy risks,,+,+,"Moderate,High",,+,+,"Moderate,High",,+,+,"Moderate,High",APT,,,checked,
IR-04-14,,,,+,+,+,"Low,Moderate,High",+,+,+,"Low,Moderate,High",+,+,+,"Low,Moderate,High","NSM-8,APT",,,,
IR-04-15,,,,,,,,,,,,,,,,,,,,
IR-05-00,,X,,X,X,X,"Low,Moderate,High",X,X,X,"Low,Moderate,High",X,X,X,"Low,Moderate,High",,,checked,checked,
IR-05-01,,,Implementation choices may create unintended privacy risks,,+,X,"Moderate,High",,+,X,"Moderate,High",,+,X,"Moderate,High",Insider Threat,,checked,,
IR-06-00,,X,,X,X,X,"Low,Moderate,High",X,X,X,"Low,Moderate,High",X,X,X,"Low,Moderate,High",,"a. 2 hours 
b. the appropriate Federal Cyber Center or other designated central department point of contact (such as US-CERT, DoD CERT, IC CERT) (see IR- 4(8))",,,
IR-06-01,,,,,X,X,"Moderate,High",,X,X,"Moderate,High",,X,X,"Moderate,High",,,,,
IR-06-02,,,,+,+,+,"Low,Moderate,High",+,+,+,"Low,Moderate,High",+,+,+,"Low,Moderate,High","APT,Insider Threat,Consistent with IR-4(4)",,,,
IR-06-03,,,,+,X,X,"Low,Moderate,High",+,X,X,"Low,Moderate,High",+,X,X,"Low,Moderate,High","APT,CNSSD No. 505",,,,
IR-07-00,,X,,X,X,X,"Low,Moderate,High",X,X,X,"Low,Moderate,High",X,X,X,"Low,Moderate,High",,,,,
IR-07-01,,,,,X,X,"Moderate,High",,X,X,"Moderate,High",,X,X,"Moderate,High",,,,,
IR-07-02,,,Implementation choices may create unintended privacy risks,+,+,+,"Low,Moderate,High",+,+,+,"Low,Moderate,High",+,+,+,"Low,Moderate,High","APT,Insider Threat,Consistent with IR-4(4)",,,,
IR-08-00,,X,,X,X,X,"Low,Moderate,High",X,X,X,"Low,Moderate,High",X,X,X,"Low,Moderate,High",,"a.9 1st PV: CISO/SAISO or equivalent. 
a.9 2nd PV: at least annually (incorporating lessons learned from past incidents). 
b. all personnel with a role or responsibility for implementing the incident response plan 
d. all personnel with a role or responsibility for implementing the incident response plan ",,,
IR-08-01,,X,,,,,,,,,,,,,,,,,,
IR-09-00,,,,+,+,+,"Low,Moderate,High",,,,,,,,,NSS Best Practice,,,,
IR-09-01,Withdrawn,,,,,,,,,,,,,,,,,,,
IR-09-02,,,,+,+,+,"Low,Moderate,High",,,,,,,,,NSS Best Practice,consistent with IR-2,,,
IR-09-03,,,,,,,,,,,,,+,+,"Moderate,High",NSS Best Practice,,,,
IR-09-04,,,Implementation choices may create unintended privacy risks,+,+,+,"Low,Moderate,High",,,,,,,,,NSS Best Practice,,,,
IR-10-00,Withdrawn,,,,,,,,,,,,,,,,,,,
MA-01-00,,,,X,X,X,"Low,Moderate,High",X,X,X,"Low,Moderate,High",X,X,X,"Low,Moderate,High",,"c.1., c.2. 1st PV: at least annually",checked,,
MA-02-00,,,,X,X,X,"Low,Moderate,High",X,X,X,"Low,Moderate,High",X,X,X,"Low,Moderate,High",,,,,
MA-02-01,Withdrawn,,,,,,,,,,,,,,,,,,,
MA-02-02,,,,,,X,High,,,X,High,,,X,High,,,,,
MA-03-00,,,,,,,,+,X,X,"Low,Moderate,High",,,,,"APT,Insider Threat",b. at least annually,,,
MA-03-01,,,,,,,,,X,X,"Moderate,High",,,,,,,,,
MA-03-02,,,,,,,,+,X,X,"Low,Moderate,High",,,,,"APT,Insider Threat,CNSSP No. 26",,,,
MA-03-03,,,,+,X,X,"Low,Moderate,High",,,,,,,,,NSS Best Practice,,,,
MA-03-04,,,,,,,,+,+,+,"Low,Moderate,High",,,,,NSS Best Practice,,,,
MA-03-05,,,,+,+,+,"Low,Moderate,High",+,+,+,"Low,Moderate,High",,,,,Insider Threat,,,,
MA-03-06,,,,+,+,+,"Low,Moderate,High",+,+,+,"Low,Moderate,High",,,,,"Insider Threat,APT",,,,
MA-04-00,,,,,,,,X,X,X,"Low,Moderate,High",,,,,,,,,
MA-04-01,,,,,,,,+,+,+,"Low,Moderate,High",,,,,Insider Threat,a. as defined in the organization's formal audit policy (AU-1),,,
MA-04-02,Withdrawn,,,,,,,,,,,,,,,,,,,
MA-04-03,,,,+,+,X,"Low,Moderate,High",+,+,X,"Low,Moderate,High",,,,,APT,,,,
MA-04-04,,,,,,,,,+,+,"Moderate,High",,,,,Insider Threat,,,checked,
MA-04-05,,,,,,,,,,,,,,,,,,,,
MA-04-06,,,,+,+,+,"Low,Moderate,High",+,+,+,"Low,Moderate,High",,,,,CNSSP 15,approved algorithms listed in CNSSP 15 Annex B,,,
MA-04-07,,,,,,,,+,+,+,"Low,Moderate,High",,,,,NSS Best Practice,,,,
MA-05-00,,,"Design choices may mitigate privacy risks,Implementation choices may create unintended privacy risks",X,X,X,"Low,Moderate,High",X,X,X,"Low,Moderate,High",X,X,X,"Low,Moderate,High",,,,,
MA-05-01,,,"Design choices may mitigate privacy risks,Implementation choices may create unintended privacy risks",,,X,High,,,X,High,,,X,High,,,,,
MA-05-02,,,"Design choices may mitigate privacy risks,Implementation choices may create unintended privacy risks",,,,,,,,,,,,,,,,,
MA-05-03,,,"Design choices may mitigate privacy risks,Implementation choices may create unintended privacy risks",,,,,,,,,,,,,,,,,
MA-05-04,,,"Design choices may mitigate privacy risks,Implementation choices may create unintended privacy risks",,,,,,,,,,,,,,,,,
MA-05-05,,,"Design choices may mitigate privacy risks,Implementation choices may create unintended privacy risks",,,,,,,,,,,,,,,,,
MA-06-00,,,,,,,,,,,,,X,X,"Moderate,High",,,,,
MA-06-01,,,,,,,,,,,,,+,+,"Moderate,High",NSS Best Practice,,,,
MA-06-02,,,,,,,,,,,,,,,,,,,,
MA-06-03,,,,,,,,,,,,,,,,,,,,
MA-07-00,,,,,,,,,,,,,,,,,,,,
MP-01-00,,X,,X,X,X,"Low,Moderate,High",X,X,X,"Low,Moderate,High",,,,,,"c.1., c.2. 1st PV: at least annually",checked,,
MP-02-00,,,,X,X,X,"Low,Moderate,High",X,X,X,"Low,Moderate,High",,,,,,1st PV: all types of digital and/or non-digital media containing information not cleared for public release,,,
MP-02-01,Withdrawn,,,,,,,,,,,,,,,,,,,
MP-02-02,Withdrawn,,,,,,,,,,,,,,,,,,,
MP-03-00,,,,+,X,X,"Low,Moderate,High",,,,,,,,,"Insider Threat,CNSSP No. 26",,,,
MP-04-00,,,,+,X,X,"Low,Moderate,High",,,,,,,,,Insider Threat,,,,
MP-04-01,Withdrawn,,,,,,,,,,,,,,,,,,,
MP-04-02,,,,,,,,,,,,,,,,,,,,
MP-05-00,,,,+,X,X,"Low,Moderate,High",,,,,,,,,"Insider Threat,CNSSP No. 26",,,,
MP-05-01,Withdrawn,,,,,,,,,,,,,,,,,,,
MP-05-02,Withdrawn,,,,,,,,,,,,,,,,,,,
MP-05-03,,,,,,,,,,,,,,,,,,,,
MP-05-04,Withdrawn,,,,,,,,,,,,,,,,,,,
MP-06-00,,--,,X,X,X,"Low,Moderate,High",,,,,,,,,Privacy implementation specific to systems that process PII,,,,
MP-06-01,,,,,,X,High,,,,,,,,,,,,,
MP-06-02,,,,,,X,High,,,,,,,,,,at least annually,,,
MP-06-03,,,,,,X,High,,,,,,,,,,,,,
MP-06-04,Withdrawn,,,,,,,,,,,,,,,,,,,
MP-06-05,Withdrawn,,,,,,,,,,,,,,,,,,,
MP-06-06,Withdrawn,,,,,,,,,,,,,,,,,,,
MP-06-07,,,,,,,,,,,,,,,,,,,,
MP-06-08,,,,,,,,,,,,,,,,,,,,
MP-07-00,,,,X,X,X,"Low,Moderate,High",X,X,X,"Low,Moderate,High",,,,,,,,,checked
MP-07-01,Withdrawn,,,,,,,,,,,,,,,,,,,
MP-07-02,,,,,,,,,,,,,,,,,,,,
MP-08-00,,,,,,,,,,,,,,,,,,,,
MP-08-01,,,,,,,,,,,,,,,,,,,,
MP-08-02,,,,,,,,,,,,,,,,,,,,
MP-08-03,,,,,,,,,,,,,,,,,,,,
MP-08-04,,,,,,,,,,,,,,,,,,,,
PE-01-00,,+,,X,X,X,"Low,Moderate,High",X,X,X,"Low,Moderate,High",X,X,X,"Low,Moderate,High",Ensure security and privacy collaboration,"c.1., c.2. 1st PV: at least annually",checked,,
PE-02-00,,+,,X,X,X,"Low,Moderate,High",X,X,X,"Low,Moderate,High",X,X,X,"Low,Moderate,High",Recognize broader privacy interests,c. at least annually,,,
PE-02-01,,,,,,,,,,,,,,,,,,,,
PE-02-02,,,"Design choices may mitigate privacy risks,Implementation choices may create unintended privacy risks",,,,,,,,,,,,,,,,,
PE-02-03,,,,,,,,,,,,,,,,,,,,
PE-03-00,,,Design choices may mitigate privacy risks,X,X,X,"Low,Moderate,High",X,X,X,"Low,Moderate,High",X,X,X,"Low,Moderate,High",,,,,
PE-03-01,,,,+,+,X,"Low,Moderate,High",+,+,X,"Low,Moderate,High",,,,,Insider Threat,,,,
PE-03-02,,,,,,,,,,,,,,,,,,,,
PE-03-03,,,,,,,,,,,,,,,,,,,,
PE-03-04,,,,,,,,,,,,,,,,,,,,
PE-03-05,,,,,,,,,,,,,,,,,,,checked,
PE-03-06,Withdrawn,,,,,,,,,,,,,,,,,,,
PE-03-07,,,,,,,,,,,,,,,,,,,,
PE-03-08,,,,,,,,,,,,,,,,,,,,
PE-04-00,,,,,X,X,"Moderate,High",,X,X,"Moderate,High",,,,,,,,,
PE-05-00,,,,,X,X,"Moderate,High",,,,,,,,,,,,,
PE-05-01,Withdrawn,,,,,,,,,,,,,,,,,,,
PE-05-02,,,,,,,,,,,,,,,,,,,,
PE-05-03,Withdrawn,,,,,,,,,,,,,,,,,,,
PE-06-00,,,"Design choices may mitigate privacy risks,Implementation choices may create unintended privacy risks",X,X,X,"Low,Moderate,High",X,X,X,"Low,Moderate,High",X,X,X,"Low,Moderate,High",,b. 1st PV: at least every 90 days,checked,checked,
PE-06-01,,,"Design choices may mitigate privacy risks,Implementation choices may create unintended privacy risks",,X,X,"Moderate,High",,X,X,"Moderate,High",,X,X,"Moderate,High",,,checked,,
PE-06-02,,,,,,,,,,,,,,,,,,checked,checked,
PE-06-03,,,"Design choices may mitigate privacy risks,Implementation choices may create unintended privacy risks",,,,,,,,,,,,,,,checked,,
PE-06-04,,,"Design choices may mitigate privacy risks,Implementation choices may create unintended privacy risks",,,X,High,,,X,High,,,X,High,,,checked,checked,
PE-07-00,Withdrawn,,,,,,,,,,,,,,,,,,,
PE-08-00,,+,,X,X,X,"Low,Moderate,High",X,X,X,"Low,Moderate,High",X,X,X,"Low,Moderate,High",Recognize broader privacy interests,a. at least one year b. at least every 90 days,checked,,
PE-08-01,,,Design choices may mitigate privacy risks,,,X,High,,,X,High,,,X,High,,,,,
PE-08-02,Withdrawn,,,,,,,,,,,,,,,,,,,
PE-08-03,,X,,+,+,+,"Low,Moderate,High",,,,,,,,,NSS Best Practice,,,,
PE-09-00,,,,,,,,,,,,,X,X,"Moderate,High",,,,,
PE-09-01,,,,,,,,,,,,,,,,,,,checked,
PE-09-02,,,,,,,,,,,,,,,,,,,,
PE-10-00,,,,,,,,,,,,,X,X,"Moderate,High",,,,,
PE-10-01,Withdrawn,,,,,,,,,,,,,,,,,,,
PE-11-00,,,,,,,,,,,,,X,X,"Moderate,High",,,,,
PE-11-01,,,,,,,,,,,,,,X,High,,,,checked,
PE-11-02,,,,,,,,,,,,,,,,,,,checked,
PE-12-00,,,,,,,,,,,,X,X,X,"Low,Moderate,High",,,,,
PE-12-01,,,,,,,,,,,,,,,,,,,,
PE-13-00,,,,,,,,,,,,X,X,X,"Low,Moderate,High",,,,,
PE-13-01,,,,,,,,,,,,,X,X,"Moderate,High",,,,,
PE-13-02,,,,,,,,,,,,,+,X,"Moderate,High",NSS Best Practice,,,,
PE-13-03,Withdrawn,,,,,,,,,,,,,,,,,,,
PE-13-04,,,,,,,,,,,,,,+,High,NSS Best Practice,"1st PV: at least annually 
2nd PV: 60 days",,,
PE-14-00,,,,,,,,,,,,X,X,X,"Low,Moderate,High",,b. continuously,,,
PE-14-01,,,,,,,,,,,,,,,,,,,,
PE-14-02,,,,,,,,,,,,,,,,,,,,
PE-15-00,,,,,,,,,,,,X,X,X,"Low,Moderate,High",,,,,
PE-15-01,,,,,,,,,,,,,,X,High,,,,,
PE-16-00,,,,X,X,X,"Low,Moderate,High",X,X,X,"Low,Moderate,High",X,X,X,"Low,Moderate,High",,,,,
PE-17-00,,,"Close coordination between security and privacy is needed to manage privacy risks,Implementation choices may create unintended privacy risks",,X,X,"Moderate,High",,X,X,"Moderate,High",,X,X,"Moderate,High",,,,checked,
PE-18-00,,,,,,,,,,,,,,X,High,,,,,
PE-18-01,Withdrawn,,,,,,,,,,,,,,,,,,,
PE-19-00,,,,,,,,,,,,,,,,,,,,
PE-19-01,,,,,,,,,,,,,,,,,,,,
PE-20-00,,,Design choices may mitigate privacy risks,,,,,,,,,,,,,,,,,
PE-21-00,,,,,,,,,,,,,,,,,,,,
PE-22-00,,,,+,+,+,"Low,Moderate,High",,,,,,,,,NSS Best Practice,,,,
PE-23-00,,,,,,,,,,,,+,+,+,"Low,Moderate,High",NSS Best Practice,,,,
PL-01-00,,X,,X,X,X,"Low,Moderate,High",X,X,X,"Low,Moderate,High",X,X,X,"Low,Moderate,High",,"c.1., c.2. 1st PV: at least annually",checked,,
PL-02-00,,X,,X,X,X,"Low,Moderate,High",X,X,X,"Low,Moderate,High",X,X,X,"Low,Moderate,High",,"a.14. at a minimum, SAOP or designee and key cybersecurity personnel 
b. at a minimum, SAOP or designee and key cybersecurity personnel 
c. at least annually",checked,,
PL-02-01,Withdrawn,,,,,,,,,,,,,,,,,,,
PL-02-02,Withdrawn,,,,,,,,,,,,,,,,,,,
PL-02-03,Withdrawn,,,,,,,,,,,,,,,,,,,
PL-03-00,Withdrawn,,,,,,,,,,,,,,,,,,,
PL-04-00,,X,,X,X,X,"Low,Moderate,High",X,X,X,"Low,Moderate,High",X,X,X,"Low,Moderate,High",,"c. at least annually 
d. at least annually or when the rules are revised or updated",checked,,
PL-04-01,,X,,X,X,X,"Low,Moderate,High",,,,,,,,,,,checked,,
PL-05-00,Withdrawn,,,,,,,,,,,,,,,,,,,
PL-06-00,Withdrawn,,,,,,,,,,,,,,,,,,,
PL-07-00,,,Design choices may mitigate privacy risks,+,+,+,"Low,Moderate,High",+,+,+,"Low,Moderate,High",+,+,+,"Low,Moderate,High",NSS Best Practice,,,,
PL-08-00,,--,,+,X,X,"Low,Moderate,High",+,X,X,"Low,Moderate,High",+,X,X,"Low,Moderate,High","Privacy implementation specific to systems that process PII,NSS Best Practice",b. at least annually,checked,,checked
PL-08-01,,,,+,+,+,"Low,Moderate,High",+,+,+,"Low,Moderate,High",+,+,+,"Low,Moderate,High",APT,,checked,checked,
PL-08-02,,,Design choices may mitigate privacy risks,+,+,+,"Low,Moderate,High",+,+,+,"Low,Moderate,High",+,+,+,"Low,Moderate,High",CNSSD No. 505,,checked,checked,
PL-09-00,,X,,,,,,+,+,+,"Low,Moderate,High",,,,,"APT,Insider Threat","at a minimum, flaw remediation, malicious code protection, and spam protection",checked,,
PL-10-00,,+,,X,X,X,"Low,Moderate,High",X,X,X,"Low,Moderate,High",X,X,X,"Low,Moderate,High",Ensure security and privacy collaboration,,,,
PL-11-00,,+,,X,X,X,"Low,Moderate,High",X,X,X,"Low,Moderate,High",X,X,X,"Low,Moderate,High",Ensure security and privacy collaboration,,,,
PM-01-00,,+,,Deployed organization-wide.,,,,,,,,,,,,Ensure security and privacy collaboration,b. 1st PV: at least annually,,,
PM-02-00,,,,,,,,,,,,,,,,,,,,
PM-03-00,,X,,,,,,,,,,,,,,,,,,
PM-04-00,,X,,,,,,,,,,,,,,,,,,
PM-05-00,,+,,,,,,,,,,,,,,Identify systems authorized to process PII,"at least annually, or when systems are added or removed from the inventory",,,
PM-05-01,,X,,,,,,,,,,,,,,,continuously,,,
PM-06-00,,X,,,,,,,,,,,,,,,,checked,,
PM-07-00,,X,,,,,,,,,,,,,,,,,,
PM-07-01,,,,,,,,,,,,,,,,,,,checked,
PM-08-00,,X,,,,,,,,,,,,,,,,,,
PM-09-00,,X,,,,,,,,,,,,,,,c. at least annually,checked,,
PM-10-00,,X,,,,,,,,,,,,,,,,checked,,
PM-11-00,,X,,,,,,,,,,,,,,,c. at least annually,,,
PM-12-00,,,Design choices may mitigate privacy risks,,,,,,,,,,,,,,,checked,,
PM-13-00,,X,,,,,,,,,,,,,,,,,,
PM-14-00,,X,,,,,,,,,,,,,,,,checked,,
PM-15-00,,,,,,,,,,,,,,,,,,,,
PM-16-00,,,Design choices may mitigate privacy risks,,,,,,,,,,,,,,,checked,checked,
PM-16-01,,,"Design choices may mitigate privacy risks,Implementation choices may create unintended privacy risks",,,,,,,,,,,,,,,checked,checked,
PM-17-00,,X,,,,,,,,,,,,,,,b. at least annually,checked,,
PM-18-00,,X,,,,,,,,,,,,,,,,,,
PM-19-00,,X,,,,,,,,,,,,,,,,,,
PM-20-00,,X,,,,,,,,,,,,,,,,,,
PM-20-01,,X,,,,,,,,,,,,,,,,checked,,
PM-21-00,,--,,,,,,,,,,,,,,Privacy implementation is specific to systems that process PII,,,,
PM-22-00,,X,,,,,,,,,,,,,,,,checked,,
PM-23-00,,+,,,,,,,,,,,,,,Ensure security and privacy collaboration,"1st PV: at a minimum, CISO/SAISO or designee and SAOP or designee",checked,,
PM-24-00,,X,,,,,,,,,,,,,,,,checked,,
PM-25-00,,X,,,,,,,,,,,,,,,d. at least annually,,,
PM-26-00,,X,,,,,,,,,,,,,,,,,,
PM-27-00,,X,,,,,,,,,,,,,,,,,,
PM-28-00,,X,,,,,,,,,,,,,,,c. at least annually,checked,,
PM-29-00,,+,,,,,,,,,,,,,,Ensure security and privacy collaboration,,,,
PM-30-00,,+,,,,,,,,,,,,,,Ensure security and privacy collaboration,c. at least an annual basis,checked,,
PM-30-01,,,,,,,,,,,,,,,,,,checked,checked,
PM-31-00,,X,,,,,,,,,,,,,,,,,checked,
PM-32-00,,,,,,,,,,,,,,,,,,checked,checked,
PS-01-00,,+,,X,X,X,"Low,Moderate,High",X,X,X,"Low,Moderate,High",X,X,X,"Low,Moderate,High",Ensure security and privacy collaboration,"c.1., c.2. 1st PV: at least annually",checked,,
PS-02-00,,,Close coordination between security and privacy is needed to manage privacy risks,X,X,X,"Low,Moderate,High",X,X,X,"Low,Moderate,High",X,X,X,"Low,Moderate,High",,c. at least annually or when the position description is updated or when the position is vacated,,,
PS-03-00,,,Close coordination between security and privacy is needed to manage privacy risks,X,X,X,"Low,Moderate,High",X,X,X,"Low,Moderate,High",,,,,,,,,
PS-03-01,,,,,,,,,,,,,,,,,,,,
PS-03-02,,,,,,,,,,,,,,,,,,,,
PS-03-03,,,,,,,,,,,,,,,,,,,,
PS-03-04,,,Close coordination between security and privacy is needed to manage privacy risks,+,+,+,"Low,Moderate,High",,,,,,,,,NSS Best Practice,,,,
PS-04-00,,,Close coordination between security and privacy is needed to manage privacy risks,X,X,X,"Low,Moderate,High",X,X,X,"Low,Moderate,High",X,X,X,"Low,Moderate,High",,"a. if voluntary, as soon as possible, not to exceed 5 working days; if involuntary, within same day as termination",,,
PS-04-01,,,,+,+,+,"Low,Moderate,High",,,,,,,,,NSS Best Practice,,,,
PS-04-02,,,Close coordination between security and privacy is needed to manage privacy risks,,,X,High,,,X,High,,,X,High,,,,,
PS-05-00,,,,X,X,X,"Low,Moderate,High",X,X,X,"Low,Moderate,High",X,X,X,"Low,Moderate,High",,"b. 1st PV: reassignment actions to ensure all system accesses no longer required (e.g., need to know) are removed or disabled 
b. 2nd PV: 10 working days",,,
PS-06-00,,X,,X,X,X,"Low,Moderate,High",X,X,X,"Low,Moderate,High",,,,,,b. and c.2: at least annually,checked,,
PS-06-01,Withdrawn,,,,,,,,,,,,,,,,,,,
PS-06-02,,,,,,,,,,,,,,,,,,checked,,
PS-06-03,,,,+,+,+,"Low,Moderate,High",,,,,,,,,NSS Best Practice,,checked,,
PS-07-00,,,,X,X,X,"Low,Moderate,High",X,X,X,"Low,Moderate,High",,,,,,"d. 1st PV: organizational security manager 
d. 2nd PV: as soon as possible, not to exceed 1 working day",checked,,
PS-08-00,,+,,X,X,X,"Low,Moderate,High",X,X,X,"Low,Moderate,High",X,X,X,"Low,Moderate,High",Privacy breach and risk management implications,,,,
PS-09-00,,+,,X,X,X,"Low,Moderate,High",X,X,X,"Low,Moderate,High",X,X,X,"Low,Moderate,High",Clarify roles & responsibilities & authorities,,,,
PT-01-00,,X,,Personally Identifiable Information Processing and Transparency control are not allocated to the security control baselines.,,,,,,,,,,,,,"c.1, c.2 1st PV: at least annually",checked,,
PT-02-00,,--,,,,,,,,,,,,,,Privacy implementation specific to systems that process PII,,checked,,
PT-02-01,,,,,,,,,,,,,,,,,,checked,,
PT-02-02,,,,,,,,,,,,,,,,,,checked,,
PT-03-00,,--,,,,,,,,,,,,,,Privacy implementation specific to systems that process PII,,,,
PT-03-01,,,,,,,,,,,,,,,,,,checked,,
PT-03-02,,,,,,,,,,,,,,,,,,checked,,
PT-04-00,,--,,,,,,,,,,,,,,Privacy implementation specific to systems that process PII,,,,
PT-04-01,,,,,,,,,,,,,,,,,,,,
PT-04-02,,,,,,,,,,,,,,,,,,,,
PT-04-03,,,,,,,,,,,,,,,,,,,,
PT-05-00,,--,,,,,,,,,,,,,,Privacy implementation specific to systems that process PII,,,,
PT-05-01,,,,,,,,,,,,,,,,,,,,
PT-05-02,,--,,,,,,,,,,,,,,Privacy implementation specific to systems that process PII,,,,
PT-06-00,,--,,,,,,,,,,,,,,Privacy implementation specific to systems that process PII,,,,
PT-06-01,,--,,,,,,,,,,,,,,Privacy implementation specific to systems that process PII,,,,
PT-06-02,,--,,,,,,,,,,,,,,Privacy implementation specific to systems that process PII,,,,
PT-07-00,,--,,,,,,,,,,,,,,Privacy implementation specific to systems that process PII,,,,
PT-07-01,,--,,,,,,,,,,,,,,Privacy implementation specific to systems that process PII,,,,
PT-07-02,,--,,,,,,,,,,,,,,Privacy implementation specific to systems that process PII,,,,
PT-08-00,,--,,,,,,,,,,,,,,Privacy implementation specific to systems that process PII,,,,
RA-01-00,,X,,X,X,X,"Low,Moderate,High",X,X,X,"Low,Moderate,High",X,X,X,"Low,Moderate,High",,"c.1., c.2. 1st PV: at least annually",checked,,
RA-02-00,,+,,X,X,X,"Low,Moderate,High",X,X,X,"Low,Moderate,High",X,X,X,"Low,Moderate,High",Confirm if system processes PII,,,,
RA-02-01,,,,,,,,,,,,,,,,,,,,
RA-03-00,,X,,X,X,X,"Low,Moderate,High",X,X,X,"Low,Moderate,High",X,X,X,"Low,Moderate,High",,"d., f. at least annually",checked,,
RA-03-01,,,,X,X,X,"Low,Moderate,High",X,X,X,"Low,Moderate,High",X,X,X,"Low,Moderate,High",,b. at least annually,checked,,
RA-03-02,,,,+,+,+,"Low,Moderate,High",+,+,+,"Low,Moderate,High",+,+,+,"Low,Moderate,High","APT,CNSSD No. 505",,checked,checked,
RA-03-03,,,,+,+,+,"Low,Moderate,High",+,+,+,"Low,Moderate,High",+,+,+,"Low,Moderate,High",APT,,checked,checked,
RA-03-04,,,,,,,,,,,,,,,,,,checked,checked,
RA-04-00,Withdrawn,,,,,,,,,,,,,,,,,,,
RA-05-00,,,,X,X,X,"Low,Moderate,High",X,X,X,"Low,Moderate,High",X,X,X,"Low,Moderate,High",,a. at least every 30 days,checked,,checked
RA-05-01,Withdrawn,,,,,,,,,,,,,,,,,,,
RA-05-02,,,,X,X,X,"Low,Moderate,High",X,X,X,"Low,Moderate,High",X,X,X,"Low,Moderate,High",,within 24 hours prior to running scans,checked,,
RA-05-03,,,,,,,,,,,,,,,,,,checked,,
RA-05-04,,,,+,+,X,"Low,Moderate,High",+,+,X,"Low,Moderate,High",+,+,X,"Low,Moderate,High","Insider Threat,APT",,checked,checked,
RA-05-05,,,,+,X,X,"Low,Moderate,High",+,X,X,"Low,Moderate,High",+,X,X,"Low,Moderate,High","Insider Threat,APT",,checked,checked,
RA-05-06,,,,,,,,,,,,,,,,,,checked,checked,
RA-05-07,Withdrawn,,,,,,,,,,,,,,,,,,,
RA-05-08,,,,,,,,,,,,,,,,,,checked,checked,
RA-05-09,Withdrawn,,,,,,,,,,,,,,,,,,,
RA-05-10,,,,,,+,High,,,+,High,,,+,High,APT,,checked,checked,
RA-05-11,,,,X,X,X,"Low,Moderate,High",X,X,X,"Low,Moderate,High",X,X,X,"Low,Moderate,High",,,checked,,
RA-06-00,,,Implementation choices may create unintended privacy risks,,,,,,,,,,,,,,,checked,,
RA-07-00,,X,,X,X,X,"Low,Moderate,High",X,X,X,"Low,Moderate,High",X,X,X,"Low,Moderate,High",,,checked,,
RA-08-00,,--,,,,,,,,,,,,,,Privacy implementation is specific to systems that process PII,,checked,,
RA-09-00,,,,,X,X,"Moderate,High",,X,X,"Moderate,High",,X,X,"Moderate,High",,,,checked,checked
RA-10-00,,,Design choices may mitigate privacy risks,+,+,+,"Low,Moderate,High",+,+,+,"Low,Moderate,High",+,+,+,"Low,Moderate,High","NSM-8,APT",continuously,checked,checked,checked
SA-01-00,,X,,X,X,X,"Low,Moderate,High",X,X,X,"Low,Moderate,High",X,X,X,"Low,Moderate,High",,"c.1., c.2. 1st PV: at least annually",checked,,
SA-02-00,,--,,X,X,X,"Low,Moderate,High",X,X,X,"Low,Moderate,High",X,X,X,"Low,Moderate,High",Privacy implementation specific to systems that process PII,,checked,,
SA-03-00,,--,,X,X,X,"Low,Moderate,High",X,X,X,"Low,Moderate,High",X,X,X,"Low,Moderate,High",Privacy implementation specific to systems that process PII,,checked,,checked
SA-03-01,,,,+,+,+,"Low,Moderate,High",+,+,+,"Low,Moderate,High",+,+,+,"Low,Moderate,High",APT,,checked,,
SA-03-02,,,,+,+,+,"Low,Moderate,High",,,,,,,,,NSS Best Practice,,checked,checked,
SA-03-03,,,,,,,,,,,,+,+,+,"Low,Moderate,High",NSS Best Practice,,checked,,
SA-04-00,,--,,X,X,X,"Low,Moderate,High",X,X,X,"Low,Moderate,High",X,X,X,"Low,Moderate,High",Privacy implementation specific to systems that process PII,,checked,,checked
SA-04-01,,,,,X,X,"Moderate,High",,X,X,"Moderate,High",,X,X,"Moderate,High",,,checked,,
SA-04-02,,,,,X,X,"Moderate,High",,X,X,"Moderate,High",,X,X,"Moderate,High",,,checked,,
SA-04-03,,,,,,,,,,+,High,,,,,CNSSD No. 505,,checked,,
SA-04-04,Withdrawn,,,,,,,,,,,,,,,,,,,
SA-04-05,,,,,,,,,,X,High,,,,,,,checked,,
SA-04-06,,,,,,,,,,,,,,,,,,checked,,
SA-04-07,,,,+,+,+,"Low,Moderate,High",+,+,+,"Low,Moderate,High",,,,,CNSSP No. 11,,checked,,
SA-04-08,,,,,,,,,,,,,,,,,,checked,,
SA-04-09,,,,+,X,X,"Low,Moderate,High",+,X,X,"Low,Moderate,High",+,X,X,"Low,Moderate,High",NSS Best Practice,,checked,,
SA-04-10,,,,X,X,X,"Low,Moderate,High",X,X,X,"Low,Moderate,High",,,,,,,checked,,
SA-04-11,,,,,,,,,,,,,,,,,,checked,,
SA-04-12,,,,,,,,,,,,,,,,,,checked,,
SA-05-00,,,,X,X,X,"Low,Moderate,High",X,X,X,"Low,Moderate,High",X,X,X,"Low,Moderate,High",,,checked,,
SA-05-01,Withdrawn,,,,,,,,,,,,,,,,,,,
SA-05-02,Withdrawn,,,,,,,,,,,,,,,,,,,
SA-05-03,Withdrawn,,,,,,,,,,,,,,,,,,,
SA-05-04,Withdrawn,,,,,,,,,,,,,,,,,,,
SA-05-05,Withdrawn,,,,,,,,,,,,,,,,,,,
SA-06-00,Withdrawn,,,,,,,,,,,,,,,,,,,
SA-07-00,Withdrawn,,,,,,,,,,,,,,,,,,,
SA-08-00,,,,X,X,X,"Low,Moderate,High",X,X,X,"Low,Moderate,High",X,X,X,"Low,Moderate,High",,,checked,,checked
SA-08-01,,,,,,+,High,,,+,High,,,+,High,"NSS Best Practice,(SSE)",,checked,,
SA-08-02,,,,,,+,High,,,+,High,,,+,High,"NSS Best Practice,(SSE)",,checked,checked,
SA-08-03,,,,,,+,High,,,+,High,,,+,High,"NSS Best Practice,(SSE)",,checked,checked,
SA-08-04,,,,,,+,High,,,+,High,,,+,High,"NSS Best Practice,(SSE)",,checked,checked,
SA-08-05,,,,,,+,High,,,+,High,,,+,High,"NSS Best Practice,(SSE)",,checked,,
SA-08-06,,,,,,+,High,,,+,High,,,+,High,"NSS Best Practice,(SSE)",,checked,checked,
SA-08-07,,,,,,+,High,,,+,High,,,+,High,"NSS Best Practice,(SSE)",,checked,checked,
SA-08-08,,,,,,+,High,,,+,High,,,+,High,"NSS Best Practice,(SSE)",,checked,checked,
SA-08-09,,,,,,+,High,,,+,High,,,+,High,"NSS Best Practice,(SSE)",,checked,,
SA-08-10,,,,,,+,High,,,+,High,,,+,High,"NSS Best Practice,(SSE)",,checked,,
SA-08-11,,,,,,+,High,,,+,High,,,+,High,"NSS Best Practice,(SSE)",,checked,,
SA-08-12,,,,,,+,High,,,+,High,,,+,High,"NSS Best Practice,(SSE)",,checked,,
SA-08-13,,,,,,+,High,,,+,High,,,+,High,"NSS Best Practice,(SSE)",,checked,checked,
SA-08-14,,,,,,+,High,,,+,High,,,+,High,"NSS Best Practice,(SSE)",,checked,,
SA-08-15,,,,,,+,High,,,+,High,,,+,High,"NSS Best Practice,(SSE)",,checked,checked,
SA-08-16,,,,,,+,High,,,+,High,,,+,High,"NSS Best Practice,(SSE)",,checked,checked,
SA-08-17,,,,,,+,High,,,+,High,,,+,High,"NSS Best Practice,(SSE)",,checked,checked,
SA-08-18,,,,,,+,High,,,+,High,,,+,High,"NSS Best Practice,(SSE)",,checked,checked,
SA-08-19,,,,,,+,High,,,+,High,,,+,High,"NSS Best Practice,(SSE)",,checked,checked,
SA-08-20,,,,,,+,High,,,+,High,,,+,High,"NSS Best Practice,(SSE)",,checked,,
SA-08-21,,,,,,+,High,,,+,High,,,+,High,"NSS Best Practice,(SSE)",,checked,,
SA-08-22,,,Design choices may mitigate privacy risks,,,+,High,,,+,High,,,+,High,"NSS Best Practice,(SSE)",,checked,,
SA-08-23,,,,,,+,High,,,+,High,,,+,High,"NSS Best Practice,(SSE)",,checked,,
SA-08-24,,,,,,+,High,,,+,High,,,+,High,"NSS Best Practice,(SSE)",,checked,,
SA-08-25,,,,,,+,High,,,+,High,,,+,High,"NSS Best Practice,(SSE)",,checked,,
SA-08-26,,,,,,+,High,,,+,High,,,+,High,"NSS Best Practice,(SSE)",,checked,,
SA-08-27,,,,,,+,High,,,+,High,,,+,High,"NSS Best Practice,(SSE)",,checked,,
SA-08-28,,,,,,+,High,,,+,High,,,+,High,"NSS Best Practice,(SSE)",,checked,,
SA-08-29,,,,,,+,High,,,+,High,,,+,High,"NSS Best Practice,(SSE)",,checked,,
SA-08-30,,,,,,+,High,,,+,High,,,+,High,"NSS Best Practice,(SSE)",,checked,,
SA-08-31,,,Design choices may mitigate privacy risks,,,+,High,,,+,High,,,+,High,"NSS Best Practice,(SSE)",,checked,checked,
SA-08-32,,,,,,+,High,,,+,High,,,+,High,"NSS Best Practice,(SSE)",,checked,,
SA-08-33,,X,,,,,,,,,,,,,,,,checked,,
SA-09-00,,X,,X,X,X,"Low,Moderate,High",X,X,X,"Low,Moderate,High",X,X,X,"Low,Moderate,High",,,checked,,
SA-09-01,,,,,,,,+,+,+,"Low,Moderate,High",,,,,NSS Best Practice,,checked,,
SA-09-02,,,,+,X,X,"Low,Moderate,High",+,X,X,"Low,Moderate,High",+,X,X,"Low,Moderate,High",NSS Best Practice,all external information systems and services,checked,,
SA-09-03,,,,,+,+,"Moderate,High",,+,+,"Moderate,High",,+,+,"Moderate,High",NSS Best Practice,,checked,,
SA-09-04,,,,,,,,,,,,,,,,,,checked,,
SA-09-05,,,,,,,,,,,,,,,,,,checked,,
SA-09-06,,,,,,,,,,,,,,,,,,,,
SA-09-07,,,,,,,,,,,,,,,,,,,,
SA-09-08,,,,+,+,+,"Low,Moderate,High",+,+,+,"Low,Moderate,High",+,+,+,"Low,Moderate,High",CNSSP No. 32,,checked,,
SA-10-00,,,,,,,,+,X,X,"Low,Moderate,High",,,,,APT,,checked,,checked
SA-10-01,,,,,,,,+,+,+,"Low,Moderate,High",,,,,APT,,checked,,
SA-10-02,,,,,,,,,,,,,,,,,,checked,,
SA-10-03,,,,,,,,+,+,+,"Low,Moderate,High",,,,,APT,,checked,,
SA-10-04,,,,,,,,,,,,,,,,,,checked,,
SA-10-05,,,,,,,,,,,,,,,,,,checked,,
SA-10-06,,,,,,,,,,,,,,,,,,checked,,
SA-10-07,,,,,,,,+,+,+,"Low,Moderate,High",,,,,NSS Best Practice,,checked,,
SA-11-00,,X,,,X,X,"Moderate,High",,X,X,"Moderate,High",,X,X,"Moderate,High",,,checked,,checked
SA-11-01,,,,,+,+,"Moderate,High",,+,+,"Moderate,High",,+,+,"Moderate,High",NSS Best Practice,,checked,,
SA-11-02,,,,,,+,High,,,+,High,,,+,High,CNSSD No. 505,,checked,checked,
SA-11-03,,,,,,,,,,,,,,,,,,checked,,
SA-11-04,,,,,,,,,,,,,,,,,,checked,,
SA-11-05,,,,,,,,,,,,,,,,,,checked,checked,
SA-11-06,,,,,,,,,,,,,,,,,,checked,checked,
SA-11-07,,,,,,,,,,,,,,,,,,checked,,
SA-11-08,,,,,,,,,,,,,,,,,,checked,,
SA-11-09,,,,,,,,,,,,,,,,,,checked,,
SA-12-00,Withdrawn,,,,,,,,,,,,,,,,,,,
SA-12-01,Withdrawn,,,,,,,,,,,,,,,,,,,
SA-12-02,Withdrawn,,,,,,,,,,,,,,,,,,,
SA-12-03,Withdrawn,,,,,,,,,,,,,,,,,,,
SA-12-04,Withdrawn,,,,,,,,,,,,,,,,,,,
SA-12-05,Withdrawn,,,,,,,,,,,,,,,,,,,
SA-12-06,Withdrawn,,,,,,,,,,,,,,,,,,,
SA-12-07,Withdrawn,,,,,,,,,,,,,,,,,,,
SA-12-08,Withdrawn,,,,,,,,,,,,,,,,,,,
SA-12-09,Withdrawn,,,,,,,,,,,,,,,,,,,
SA-12-10,Withdrawn,,,,,,,,,,,,,,,,,,,
SA-12-11,Withdrawn,,,,,,,,,,,,,,,,,,,
SA-12-12,Withdrawn,,,,,,,,,,,,,,,,,,,
SA-12-13,Withdrawn,,,,,,,,,,,,,,,,,,,
SA-12-14,Withdrawn,,,,,,,,,,,,,,,,,,,
SA-12-15,Withdrawn,,,,,,,,,,,,,,,,,,,
SA-13-00,Withdrawn,,,,,,,,,,,,,,,,,,,
SA-14-00,Withdrawn,,,,,,,,,,,,,,,,,,,
SA-14-01,Withdrawn,,,,,,,,,,,,,,,,,,,
SA-15-00,,,,+,+,X,"Low,Moderate,High",+,+,X,"Low,Moderate,High",+,+,X,"Low,Moderate,High",NSS Best Practice,,checked,,checked
SA-15-01,,,,,,,,,,,,,,,,,,checked,,
SA-15-02,,,,,,,,,,,,,,,,,,checked,,
SA-15-03,,,,,X,X,"Moderate,High",,X,X,"Moderate,High",,X,X,"Moderate,High",,,checked,,
SA-15-04,Withdrawn,,,,,,,,,,,,,,,,,,,
SA-15-05,,,,,,,,,,,,,,,,,,checked,checked,
SA-15-06,,,,,,,,,,,,,,,,,,checked,,
SA-15-07,,,,,,,,,,+,High,,,,,CNSSD No. 505,,checked,,
SA-15-08,,,,,,,,,,,,,,,,,,checked,,
SA-15-09,Withdrawn,,,,,,,,,,,,,,,,,,,
SA-15-10,,,,,,,,,,,,,,,,,,checked,,
SA-15-11,,,,,,,,,,,,,,,,,,checked,,
SA-15-12,,,,,,,,,,,,,,,,,,checked,,
SA-16-00,,,,,,X,High,,,X,High,,,X,High,,,checked,,checked
SA-17-00,,,,,,X,High,,,X,High,,,X,High,,,checked,,checked
SA-17-01,,,,,,,,,,,,,,,,,,checked,,
SA-17-02,,,,,,,,,,,,,,,,,,checked,,
SA-17-03,,,,,,,,,,,,,,,,,,checked,,
SA-17-04,,,,,,,,,,,,,,,,,,checked,,
SA-17-05,,,,,,,,,,,,,,,,,,checked,,
SA-17-06,,,,,,,,,,,,,,,,,,checked,checked,
SA-17-07,,,,,,,,,,,,,,,,,,checked,,
SA-17-08,,,,,,,,,,,,,,,,,,checked,checked,
SA-17-09,,,,,,,,,,,,,,,,,,checked,checked,
SA-18-00,Withdrawn,,,,,,,,,,,,,,,,,,,
SA-18-01,Withdrawn,,,,,,,,,,,,,,,,,,,
SA-18-02,Withdrawn,,,,,,,,,,,,,,,,,,,
SA-19-00,Withdrawn,,,,,,,,,,,,,,,,,,,
SA-19-01,Withdrawn,,,,,,,,,,,,,,,,,,,
SA-19-02,Withdrawn,,,,,,,,,,,,,,,,,,,
SA-19-03,Withdrawn,,,,,,,,,,,,,,,,,,,
SA-19-04,Withdrawn,,,,,,,,,,,,,,,,,,,
SA-20-00,,,,,,,,,,,,,,,,,,checked,checked,
SA-21-00,,,,+,+,X,"Low,Moderate,High",+,+,X,"Low,Moderate,High",+,+,X,"Low,Moderate,High",Insider Threat,,checked,,
SA-21-01,Withdrawn,,,,,,,,,,,,,,,,,,,
SA-22-00,,,,X,X,X,"Low,Moderate,High",X,X,X,"Low,Moderate,High",X,X,X,"Low,Moderate,High",,,checked,,checked
SA-22-01,Withdrawn,,,,,,,,,,,,,,,,,,,
SA-23-00,,,,,,,,,,,,,,,,,,checked,checked,
SC-01-00,,+,,X,X,X,"Low,Moderate,High",X,X,X,"Low,Moderate,High",X,X,X,"Low,Moderate,High",Ensure security and privacy collaboration,"c.1., c.2. 1st PV: at least annually",checked,,
SC-02-00,,,,,X,X,"Moderate,High",,X,X,"Moderate,High",,,,,,,checked,checked,checked
SC-02-01,,,,,,,,,,,,,,,,,,checked,checked,
SC-02-02,,,,,,,,,,,,,,,,,,checked,,
SC-03-00,,,,,,X,High,,,X,High,,,,,,,checked,checked,checked
SC-03-01,,,,,,,,,,,,,,,,,,checked,checked,
SC-03-02,,,,,,,,,,,,,,,,,,checked,checked,
SC-03-03,,,,,,,,,,,,,,,,,,checked,checked,
SC-03-04,,,,,,,,,,,,,,,,,,checked,,
SC-03-05,,,,,,,,,,,,,,,,,,checked,checked,
SC-04-00,,,,+,X,X,"Low,Moderate,High",,,,,,,,,Insider Threat,,,,checked
SC-04-01,Withdrawn,,,,,,,,,,,,,,,,,,,
SC-04-02,,,,,,,,,,,,,,,,,,,,
SC-05-00,,,,,,,,,,,,X,X,X,"Low,Moderate,High",,,,,
SC-05-01,,,,,,,,,,,,+,+,+,"Low,Moderate,High",Insider Threat,,,,
SC-05-02,,,,,,,,,,,,,+,+,"Moderate,High",Insider Threat,,,checked,
SC-05-03,,,,,,,,,,,,,+,+,"Moderate,High",Consistent with SC-5 and its enhancements,,,checked,
SC-06-00,,,,,,,,,,,,,,,,,,checked,,
SC-07-00,,,PII should not flow through or into a system that is not authorized to process PII,X,X,X,"Low,Moderate,High",X,X,X,"Low,Moderate,High",,,,,,,,checked,checked
SC-07-01,Withdrawn,,,,,,,,,,,,,,,,,,,
SC-07-02,Withdrawn,,,,,,,,,,,,,,,,,,,
SC-07-03,,,,+,X,X,"Low,Moderate,High",+,X,X,"Low,Moderate,High",,,,,NSS Best Practice,,,,
SC-07-04,,,,+,X,X,"Low,Moderate,High",+,X,X,"Low,Moderate,High",,,,,NSS Best Practice,at least every 180 days,,,
SC-07-05,,,,+,X,X,"Low,Moderate,High",+,X,X,"Low,Moderate,High",,,,,NSS Best Practice,,,,
SC-07-06,Withdrawn,,,,,,,,,,,,,,,,,,,
SC-07-07,,,,+,X,X,"Low,Moderate,High",+,X,X,"Low,Moderate,High",,,,,NSS Best Practice,,,,
SC-07-08,,,,+,+,X,"Low,Moderate,High",+,+,X,"Low,Moderate,High",,,,,NSS Best Practice,"1st PV: all internal communications traffic that may be proxied, except traffic specifically exempted by the Authorizing Official or organizational policy 
2nd PV: all untrusted networks outside the control of the organization",,,
SC-07-09,,,,,,,,+,+,+,"Low,Moderate,High",,,,,"Insider Threat,Consistent with SC-5(1)",,,,
SC-07-10,,,,+,+,+,"Low,Moderate,High",,,,,,,,,"Insider Threat,APT",,,checked,
SC-07-11,,,,,,,,+,+,+,"Low,Moderate,High",,,,,NSS Best Practice,,,checked,
SC-07-12,,,,+,+,+,"Low,Moderate,High",+,+,+,"Low,Moderate,High",+,+,+,"Low,Moderate,High",NSS Best Practice,"2nd PV: all system components capable of supporting host-based boundary protection mechanisms, such as but not limited to servers, workstations, and those subject to operation outside of the organizational boundary (i.e., laptops and other mobile devices)",,,
SC-07-13,,,,+,+,+,"Low,Moderate,High",+,+,+,"Low,Moderate,High",,,,,APT,,,checked,
SC-07-14,,,,+,+,+,"Low,Moderate,High",+,+,+,"Low,Moderate,High",,,,,NSS Best Practice,"any managed interface that crosses security domains or connects to an external network, such as but not limited to cross domain solutions a network boundary with a WAN, a partner network, or the Internet",,,
SC-07-15,,,,,,+,High,,,+,High,,,,,Insider Threat,,,checked,
SC-07-16,,,,,,,,,,,,,,,,,,,checked,
SC-07-17,,,,,,,,,,,,,,,,,,,,
SC-07-18,,,,,,X,High,,,X,High,,,X,High,,,checked,,
SC-07-19,,,,,,,,,,,,,,,,,,,,
SC-07-20,,,,,,,,,,,,,,,,,,,checked,
SC-07-21,,,,,,X,High,,,X,High,,,,,,,checked,checked,
SC-07-22,,,,,,,,,,,,,,,,,,checked,checked,
SC-07-23,,,,,,,,,,,,,,,,,,,,
SC-07-24,,--,,,,,,,,,,,,,,Privacy implementation is specific to systems that process PII,,,,
SC-07-25,,,,+,+,+,"Low,Moderate,High",,,,,,,,,NSS Best Practice,1st PV: all NSS,,,
SC-07-26,,,,,,,,,,,,,,,,,,,,
SC-07-27,,,,,,,,,,,,,,,,,,,,
SC-07-28,,,,+,+,+,"Low,Moderate,High",,,,,,,,,NSS Best Practice,all systems,,,
SC-07-29,,,,,+,+,"Moderate,High",,,,,,,,,APT,,,checked,
SC-08-00,,,,+,X,X,"Low,Moderate,High",+,X,X,"Low,Moderate,High",,,,,NSS Best Practice,,,,checked
SC-08-01,,,,+,X,X,"Low,Moderate,High",+,X,X,"Low,Moderate,High",,,,,"NSM-8,Consistent with SC-8","prevent unauthorized disclosure of, and detect changes to, information",,checked,
SC-08-02,,,,,+,+,"Moderate,High",,+,+,"Moderate,High",,,,,NSS Best Practice,confidentiality and integrity,,,
SC-08-03,,,,,,,,,,,,,,,,,,,,
SC-08-04,,,,,,,,,,,,,,,,,,,checked,
SC-08-05,,,,,,,,,,,,,,,,,,,checked,
SC-09-00,Withdrawn,,,,,,,,,,,,,,,,,,,
SC-10-00,,,,+,X,X,"Low,Moderate,High",+,X,X,"Low,Moderate,High",,,,,"Insider Threat,APT",no more than 15 minutes,,checked,checked
SC-11-00,,,,,,,,,,,,,,,,,,checked,checked,
SC-11-01,,,,,,,,,,,,,,,,,,checked,,
SC-12-00,,,Close coordination between security and privacy is needed to manage privacy risks,X,X,X,"Low,Moderate,High",X,X,X,"Low,Moderate,High",,,,,,"for unclassified NSS, NIST FIPS-compliant processes/requirements for key generation, distribution, storage, access, and destruction consistent with NSA-approved protocols",,,checked
SC-12-01,,,,,,,,,,,,,,X,High,,,,,
SC-12-02,,,,,,,,,,,,,,,,,,,,
SC-12-03,,,,,,,,,,,,,,,,,,,,
SC-12-04,Withdrawn,,,,,,,,,,,,,,,,,,,
SC-12-05,Withdrawn,,,,,,,,,,,,,,,,,,,
SC-12-06,,,,,,,,,,,,,,,,,,,,
SC-13-00,,,,X,X,X,"Low,Moderate,High",X,X,X,"Low,Moderate,High",,,,,,,,,
SC-13-01,Withdrawn,,,,,,,,,,,,,,,,,,,
SC-13-02,Withdrawn,,,,,,,,,,,,,,,,,,,
SC-13-03,Withdrawn,,,,,,,,,,,,,,,,,,,
SC-13-04,Withdrawn,,,,,,,,,,,,,,,,,,,
SC-14-00,Withdrawn,,,,,,,,,,,,,,,,,,,
SC-15-00,,,,X,X,X,"Low,Moderate,High",,,,,,,,,,a. dedicated VTC suites located in approved VTC locations that are centrally managed,,,
SC-15-01,,,,,,,,,,,,,,,,,,,checked,
SC-15-02,Withdrawn,,,,,,,,,,,,,,,,,,,
SC-15-03,,,,,,,,,,,,,,,,,,,,
SC-15-04,,,,,,,,,,,,,,,,,,,,
SC-16-00,,,,,+,+,"Moderate,High",,+,+,"Moderate,High",,,,,NSS Best Practice,,,,checked
SC-16-01,,,,,,,,,+,+,"Moderate,High",,,,,NSS Best Practice,,,checked,
SC-16-02,,,,,,,,,+,+,"Moderate,High",,,,,NSS Best Practice,,,,
SC-16-03,,,,,,,,,,+,High,,,,,NSS Best Practice,,,checked,
SC-17-00,,,,+,X,X,"Low,Moderate,High",+,X,X,"Low,Moderate,High",,,,,NSS Best Practice,,,,checked
SC-18-00,,,,,,,,+,X,X,"Low,Moderate,High",,,,,NSS Best Practice,,,,checked
SC-18-01,,,,,,,,+,+,+,"Low,Moderate,High",,,,,NSS Best Practice,,,,
SC-18-02,,,,,,,,+,+,+,"Low,Moderate,High",,,,,NSS Best Practice,"the following requirements: 
(a) Category 1A mobile code where technologies can differentiate between signed and unsigned mobile code and block execution of unsigned mobile code may be used. 
(b) Category 2 mobile code allowing mediated or controlled access to workstation, server, and remote system services and resources may be used with appropriate protections (e.g., executes in a constrained environment without access to system resources such as Windows registry, file system, system parameters, and network connections to other than the originating host; does not execute in a constrained environment unless obtained from a trusted source over an assured channel). 
(c) Category 3 mobile code having limited functionality, with no capability for unmediated access to workstation, server, and remote system services and resources may be used when executing in an approved browser.",,,
SC-18-03,,,,,,,,+,+,+,"Low,Moderate,High",,,,,NSS Best Practice,"all unacceptable mobile code such as: 
(a) Emerging mobile code technologies that have not undergone a risk assessment and been assigned to a Risk Category by the CIO. 
(b) Category 1X mobile code technologies and implementations that cannot differentiate between signed and unsigned mobile code. 
(c) Unsigned Category 1A mobile code. 
(d) Category 2 mobile code not obtained from a trusted source over an assured channel (e.g., SIPRNet, SSL connection, S/MIME, code is signed with an approved code signing certificate). ",,,
SC-18-04,,,,,,,,+,+,+,"Low,Moderate,High",,,,,NSS Best Practice,"1st PV: software applications such as email, scriptable document/file editing applications that support documents with embedded code (e.g., MS Office applications/documents)",,,
SC-18-05,,,,,,,,,,,,,,,,,,,checked,
SC-19-00,Withdrawn,,,,,,,,,,,,,,,,,,,
SC-20-00,,,,,,,,X,X,X,"Low,Moderate,High",,,,,,,,,checked
SC-20-01,Withdrawn,,,,,,,,,,,,,,,,,,,
SC-20-02,,,,,,,,,,,,,,,,,,,,
SC-21-00,,,,,,,,X,X,X,"Low,Moderate,High",,,,,,,,,checked
SC-21-01,Withdrawn,,,,,,,,,,,,,,,,,,,
SC-22-00,,,,X,X,X,"Low,Moderate,High",X,X,X,"Low,Moderate,High",X,X,X,"Low,Moderate,High",,,,checked,checked
SC-23-00,,,,,,,,+,X,X,"Low,Moderate,High",,,,,APT,,,,checked
SC-23-01,,,,,,,,+,+,+,"Low,Moderate,High",,,,,APT,,,,
SC-23-02,Withdrawn,,,,,,,,,,,,,,,,,,,
SC-23-03,,,,,,,,+,+,+,"Low,Moderate,High",,,,,APT,,,checked,
SC-23-04,Withdrawn,,,,,,,,,,,,,,,,,,,
SC-23-05,,,,,,,,+,+,+,"Low,Moderate,High",,,,,APT,,,,
SC-24-00,,,,,,X,High,,,X,High,,,,,,"1st PV: known secure state 
2nd PV: information necessary to determine cause of failure and to return to operations with least disruption to mission/business processes 
3rd PV: all types of failures on all system components",checked,,
SC-25-00,,,,,,,,,,,,,,,,,,,checked,
SC-26-00,,,,,,,,,,,,,,,,,,,checked,checked
SC-26-01,Withdrawn,,,,,,,,,,,,,,,,,,,
SC-27-00,,,,,,,,,,,,,,,,,,,checked,
SC-28-00,,,,+,X,X,"Low,Moderate,High",+,X,X,"Low,Moderate,High",,,,,APT,"1st PV: confidentiality and integrity 
2nd PV: all information",,,checked
SC-28-01,,,,+,X,X,"Low,Moderate,High",+,X,X,"Low,Moderate,High",,,,,"NSM-8,APT","1st PV: all system components and media 
2nd PV: all information",,checked,
SC-28-02,,,,,,,,,,,,,,,,,,,,
SC-28-03,,,,+,+,+,"Low,Moderate,High",+,+,+,"Low,Moderate,High",,,,,NSS Best Practice,,,,
SC-29-00,,,,,,,,,,,,,,,,,,checked,checked,checked
SC-29-01,,,,,,,,,,,,,,,,,,checked,checked,
SC-30-00,,,,,,,,,,,,,,,,,,checked,checked,checked
SC-30-01,Withdrawn,,,,,,,,,,,,,,,,,,,
SC-30-02,,,,,,,,,,,,,,,,,,checked,checked,
SC-30-03,,,,,,,,,,,,,,,,,,checked,checked,
SC-30-04,,,,,,,,,,,,,,,,,,checked,checked,
SC-30-05,,,,,,,,,,,,,,,,,,checked,checked,
SC-31-00,,,,,,,,,,,,,,,,,,checked,,checked
SC-31-01,,,,,,,,,,,,,,,,,,checked,,
SC-31-02,,,,,,,,,,,,,,,,,,checked,,
SC-31-03,,,,,,,,,,,,,,,,,,checked,,
SC-32-00,,,,,,,,,,,,,,,,,,checked,checked,
SC-32-01,,,,,,,,,,,,,,,,,,checked,checked,
SC-33-00,Withdrawn,,,,,,,,,,,,,,,,,,,
SC-34-00,,,,,,,,,,,,,,,,,,checked,checked,checked
SC-34-01,,,,,,,,,,,,,,,,,,checked,checked,
SC-34-02,,,,,,,,,,,,,,,,,,checked,checked,
SC-34-03,Withdrawn,,,,,,,,,,,,,,,,,,,
SC-35-00,,,,,,,,,,,,,,,,,,,checked,checked
SC-36-00,,,,,,,,,,,,,,,,,,checked,checked,checked
SC-36-01,,,,,,,,,,,,,,,,,,checked,checked,
SC-36-02,,,,,,,,,,,,,,,,,,checked,checked,
SC-37-00,,,,,,,,,,,,,,,,,,checked,checked,checked
SC-37-01,,,,,,,,,,,,,,,,,,checked,,
SC-38-00,,,Implementation choices may create unintended privacy risks,+,+,+,"Low,Moderate,High",+,+,+,"Low,Moderate,High",+,+,+,"Low,Moderate,High","Insider Threat,APT",,checked,,
SC-39-00,,,,X,X,X,"Low,Moderate,High",X,X,X,"Low,Moderate,High",,,,,,,checked,checked,checked
SC-39-01,,,,,,,,,,,,,,,,,,checked,checked,
SC-39-02,,,,,,,,,,,,,,,,,,checked,checked,
SC-40-00,,,,,,,,,,,,,,,,,,,,
SC-40-01,,,,,,,,,,,,,,,,,,,,
SC-40-02,,,,,,,,,,,,,,,,,,,checked,
SC-40-03,,,,,,,,,,,,,,,,,,,checked,
SC-40-04,,,,,,,,,,,,,,,,,,,,
SC-41-00,,,,,,,,,,,,+,+,+,"Low,Moderate,High",Insider Threat,,,,checked
SC-42-00,,,Implementation choices may create unintended privacy risks,,,,,,,,,,,,,,,,,
SC-42-01,,,Implementation choices may create unintended privacy risks,,,,,,,,,,,,,,,,,
SC-42-02,,,Implementation choices may create unintended privacy risks,,,,,,,,,,,,,,,,,
SC-42-03,Withdrawn,,,,,,,,,,,,,,,,,,,
SC-42-04,,,Implementation choices may create unintended privacy risks,,,,,,,,,,,,,,,,,
SC-42-05,,,Implementation choices may create unintended privacy risks,,,,,,,,,,,,,,,,,
SC-43-00,,,,,,,,,,,,,,,,,,,,checked
SC-44-00,,,,,,,,,,,,,,,,,,,checked,checked
SC-45-00,,,,,,,,+,+,+,"Low,Moderate,High",,,,,NSS Best Practice,,,,
SC-45-01,,,,,,,,+,+,+,"Low,Moderate,High",,,,,NSS Best Practice,,,,
SC-45-02,,,,,,,,,,,,,,,,,,,,
SC-46-00,,,Implementation choices may create unintended privacy risks,,,,,,,,,,,,,,,,checked,checked
SC-47-00,,,,,,,,,,,,+,+,+,"Low,Moderate,High",APT,,,checked,
SC-48-00,,,,,,,,,,,,,,,,,,,checked,
SC-48-01,,,,,,,,,,,,,,,,,,,checked,
SC-49-00,,,,,,,,,,,,,,,,,,checked,checked,
SC-50-00,,,,,,,,,,,,,,,,,,checked,checked,
SC-51-00,,,,,,,,,,,,,,,,,,checked,checked,
SI-01-00,,X,,X,X,X,"Low,Moderate,High",X,X,X,"Low,Moderate,High",X,X,X,"Low,Moderate,High",,"c.1., c.2. 1st PV: at least annually",checked,,
SI-02-00,,,,,,,,X,X,X,"Low,Moderate,High",,,,,,30 days,,,checked
SI-02-01,Withdrawn,,,,,,,,,,,,,,,,,,,
SI-02-02,,,,,,,,+,X,X,"Low,Moderate,High",,,,,APT,2nd PV: at least quarterly,,,
SI-02-03,,,,,,,,+,+,+,"Low,Moderate,High",,,,,APT,,,,
SI-02-04,,,,,,,,+,+,+,"Low,Moderate,High",,,,,APT,,,,
SI-02-05,,,,,,,,,,,,,,,,,,,,
SI-02-06,,,,,,,,+,+,+,"Low,Moderate,High",,,,,APT,all upgraded/replaced software and firmware components that are no longer required for operation,,,
SI-03-00,,,,,,,,X,X,X,"Low,Moderate,High",,,,,,"c.1 1st PV: at least weekly 
c.1 2nd PV: endpoints and network entry/exit points 
c.2 1st PV: block and quarantine malicious code 
c.2 2nd PV: system administrator at a minimum",,,checked
SI-03-01,Withdrawn,,,,,,,,,,,,,,,,,,,
SI-03-02,Withdrawn,,,,,,,,,,,,,,,,,,,
SI-03-03,Withdrawn,,,,,,,,,,,,,,,,,,,
SI-03-04,,,,,,,,,,,,,,,,,,,,
SI-03-05,Withdrawn,,,,,,,,,,,,,,,,,,,
SI-03-06,,,,,,,,,,,,,,,,,,,,
SI-03-07,Withdrawn,,,,,,,,,,,,,,,,,,,
SI-03-08,,,,,,,,,,,,,,,,,,,,
SI-03-09,Withdrawn,,,,,,,,,,,,,,,,,,,
SI-03-10,,,,,,,,+,+,+,"Low,Moderate,High",,,,,APT,,,checked,
SI-04-00,,,"Design choices may mitigate privacy risks,Implementation choices may create unintended privacy risks",X,X,X,"Low,Moderate,High",X,X,X,"Low,Moderate,High",X,X,X,"Low,Moderate,High",,,checked,,checked
SI-04-01,,,,+,+,+,"Low,Moderate,High",+,+,+,"Low,Moderate,High",+,+,+,"Low,Moderate,High",APT,,checked,checked,
SI-04-02,,,,,X,X,"Moderate,High",,X,X,"Moderate,High",,X,X,"Moderate,High",,,checked,checked,
SI-04-03,,,,,,,,,,,,,,,,,,checked,checked,
SI-04-04,,,,+,X,X,"Low,Moderate,High",+,X,X,"Low,Moderate,High",+,X,X,"Low,Moderate,High","APT,Insider Threat,Consistent with SI-4(11),CNSSD No. 504",b. 1st PV: continuously,checked,checked,
SI-04-05,,,,+,X,X,"Low,Moderate,High",+,X,X,"Low,Moderate,High",+,X,X,"Low,Moderate,High","APT,Insider Threat,CNSSD No. 504",,checked,,
SI-04-06,Withdrawn,,,,,,,,,,,,,,,,,,,
SI-04-07,,,,,,,,,,,,,,,,,,checked,checked,
SI-04-08,Withdrawn,,,,,,,,,,,,,,,,,,,
SI-04-09,,,,,,,,,,,,,,,,,,checked,,
SI-04-10,,,"Design choices may mitigate privacy risks,Implementation choices may create unintended privacy risks",,+,X,"Moderate,High",,+,X,"Moderate,High",,+,X,"Moderate,High","APT,Insider Threat",,checked,checked,
SI-04-11,,,,+,+,+,"Low,Moderate,High",+,+,+,"Low,Moderate,High",+,+,+,"Low,Moderate,High","APT,Insider Threat,Consistent with SI-4(4),CNSSD No. 504",,checked,checked,
SI-04-12,,,,+,+,X,"Low,Moderate,High",+,+,X,"Low,Moderate,High",+,+,X,"Low,Moderate,High","Insider Threat,CNSSD No. 504",,checked,,
SI-04-13,,,,,,,,,,,,,,,,,,checked,checked,
SI-04-14,,,"Design choices may mitigate privacy risks,Implementation choices may create unintended privacy risks",+,+,X,"Low,Moderate,High",+,+,X,"Low,Moderate,High",+,+,X,"Low,Moderate,High",Insider Threat,,checked,,
SI-04-15,,,,+,+,+,"Low,Moderate,High",+,+,+,"Low,Moderate,High",+,+,+,"Low,Moderate,High",NSS Best Practice,,checked,,
SI-04-16,,,,+,+,+,"Low,Moderate,High",+,+,+,"Low,Moderate,High",+,+,+,"Low,Moderate,High","Insider Threat,CNSSI No. 1015,Consistent with SI-4(1)",,checked,checked,
SI-04-17,,,,,,,,,,,,,,,,,,checked,checked,
SI-04-18,,,,,,,,,,,,,,,,,,checked,checked,
SI-04-19,,,"Design choices may mitigate privacy risks,Implementation choices may create unintended privacy risks",+,+,+,"Low,Moderate,High",+,+,+,"Low,Moderate,High",+,+,+,"Low,Moderate,High",Insider Threat,,checked,,
SI-04-20,,,"Design choices may mitigate privacy risks,Implementation choices may create unintended privacy risks",+,+,X,"Low,Moderate,High",+,+,X,"Low,Moderate,High",+,+,X,"Low,Moderate,High",Insider Threat,,checked,,
SI-04-21,,,"Design choices may mitigate privacy risks,Implementation choices may create unintended privacy risks",,,,,,,,,,,,,,,checked,,
SI-04-22,,,,+,+,+,"Low,Moderate,High",+,+,+,"Low,Moderate,High",+,+,+,"Low,Moderate,High",CNSSD No. 504,,checked,,
SI-04-23,,,,+,+,+,"Low,Moderate,High",+,+,+,"Low,Moderate,High",+,+,+,"Low,Moderate,High","Insider Threat,APT",,checked,,
SI-04-24,,,,+,+,+,"Low,Moderate,High",+,+,+,"Low,Moderate,High",+,+,+,"Low,Moderate,High",NSM-8,,checked,checked,
SI-04-25,,,"Design choices may mitigate privacy risks,Implementation choices may create unintended privacy risks",,,+,High,,,+,High,,,+,High,APT,,checked,checked,
SI-05-00,,,,,,,,X,X,X,"Low,Moderate,High",,,,,,a. minimally the US-CERT,checked,,checked
SI-05-01,,,,,,,,,,X,High,,,,,,,checked,,
SI-06-00,,,Close coordination between security and privacy is needed to manage privacy risks,,,,,,,X,High,,,,,,c. the system/security administrator at a minimum,checked,checked,
SI-06-01,Withdrawn,,,,,,,,,,,,,,,,,,,
SI-06-02,,,,,,,,,,,,,,,,,,,,
SI-06-03,,,,,,,,,,+,High,,,,,Consistent with SI-6,"responsible security personnel (e.g., AO, CISO/SAISO or equivalent, ISSO, ISSM)",,,
SI-07-00,,,,,,,,,X,X,"Moderate,High",,,,,,,checked,checked,checked
SI-07-01,,,,,,,,,X,X,"Moderate,High",,,,,,,checked,checked,
SI-07-02,,,,,,,,,,X,High,,,,,,,checked,,
SI-07-03,,,,,,,,,,,,,,,,,,checked,,
SI-07-04,Withdrawn,,,,,,,,,,,,,,,,,,,
SI-07-05,,,,,,,,,,X,High,,,,,,,checked,checked,
SI-07-06,,,,,,,,,,,,,,,,,,checked,checked,
SI-07-07,,,,,,,,,X,X,"Moderate,High",,,,,,,checked,checked,
SI-07-08,,,,,,,,,+,+,"Moderate,High",,,,,Insider Threat,,checked,,
SI-07-09,,,,,,,,+,+,+,"Low,Moderate,High",,,,,APT,all devices capable of verification of the boot process,checked,checked,
SI-07-10,,,,,,,,+,+,+,"Low,Moderate,High",,,,,APT,1st PV: all capable devices,checked,checked,
SI-07-11,Withdrawn,,,,,,,,,,,,,,,,,,,
SI-07-12,,,,,,,,,,,,,,,,,,checked,checked,
SI-07-13,Withdrawn,,,,,,,,,,,,,,,,,,,
SI-07-14,Withdrawn,,,,,,,,,,,,,,,,,,,
SI-07-15,,,,,,,,,,X,High,,,,,,all software and firmware from vendors/sources that provide cryptographic mechanisms to enable the validation of code authenticity and integrity,checked,checked,
SI-07-16,,,,,,,,,,,,,,,,,,checked,,
SI-07-17,,,,,,,,,,+,High,,,,,APT,,checked,,
SI-08-00,,,,,,,,,X,X,"Moderate,High",,X,X,"Moderate,High",,,,,checked
SI-08-01,Withdrawn,,,,,,,,,,,,,,,,,,,
SI-08-02,,,,,,,,,X,X,"Moderate,High",,X,X,"Moderate,High",,at least weekly,,,
SI-08-03,,,,,,,,,,,,,,,,,,,,
SI-09-00,Withdrawn,,,,,,,,,,,,,,,,,,,
SI-10-00,,,,,,,,+,X,X,"Low,Moderate,High",,,,,APT,"all inputs to web/application servers, database servers, and any system or application input that might receive a crafted exploit toward executing some code or buffer overflow",checked,,checked
SI-10-01,,,,,,,,,,,,,,,,,,checked,,
SI-10-02,,,,,,,,,,,,,,,,,,checked,,
SI-10-03,,,,,,,,+,+,+,"Low,Moderate,High",,,,,APT,,checked,checked,
SI-10-04,,,,,,,,,,,,,,,,,,checked,,
SI-10-05,,,,,,,,,,+,High,,,,,NSS Best Practice,,checked,checked,
SI-10-06,,,,,,,,+,+,+,"Low,Moderate,High",,,,,NSS Best Practice,,checked,,
SI-11-00,,,,,,,,+,X,X,"Low,Moderate,High",,,,,APT,,,,
SI-12-00,,X,,X,X,X,"Low,Moderate,High",X,X,X,"Low,Moderate,High",,,,,,,,,checked
SI-12-01,,--,,,,,,,,,,,,,,Privacy implementation specific to systems that process PII,,,,
SI-12-02,,--,,,,,,,,,,,,,,Privacy implementation specific to systems that process PII,,,,
SI-12-03,,--,,+,+,+,"Low,Moderate,High",+,+,+,"Low,Moderate,High",,,,,"Privacy implementation specific to systems that process PII,NSS Best Practice",,,,
SI-13-00,,,,,,,,,,,,,,,,,,checked,,
SI-13-01,,,,,,,,,,,,,,,,,,checked,,
SI-13-02,Withdrawn,,,,,,,,,,,,,,,,,,,
SI-13-03,,,,,,,,,,,,,,,,,,checked,,
SI-13-04,,,,,,,,,,,,,,,,,,checked,,
SI-13-05,,,,,,,,,,,,,,,,,,checked,,
SI-14-00,,,,,,,,,,,,,,,,,,checked,checked,
SI-14-01,,,,,,,,,,,,,,,,,,checked,checked,
SI-14-02,,,,,,,,,,,,,,,,,,checked,checked,
SI-14-03,,,,,,,,,,,,,,,,,,checked,checked,
SI-15-00,,,,,,,,,+,+,"Moderate,High",,,,,APT,,checked,checked,checked
SI-16-00,,,,,,,,,X,X,"Moderate,High",,,,,,,checked,checked,checked
SI-17-00,,,,,,,,,,,,,,,,,,checked,,
SI-18-00,,--,,,,,,,,,,,,,,Privacy implementation specific to systems that process PII,,,,
SI-18-01,,,,,,,,,,,,,,,,,,,,
SI-18-02,,,,,,,,,,,,,,,,,,,,
SI-18-03,,,,,,,,,,,,,,,,,,,,
SI-18-04,,--,,,,,,,,,,,,,,Privacy implementation specific to systems that process PII,,,,
SI-18-05,,,,,,,,,,,,,,,,,,,,
SI-19-00,,--,,,,,,,,,,,,,,Privacy implementation specific to systems that process PII,,,,
SI-19-01,,,,,,,,,,,,,,,,,,,,
SI-19-02,,,,,,,,,,,,,,,,,,,,
SI-19-03,,,,,,,,,,,,,,,,,,,,
SI-19-04,,,,,,,,,,,,,,,,,,,checked,
SI-19-05,,,,,,,,,,,,,,,,,,,,
SI-19-06,,,,,,,,,,,,,,,,,,,checked,
SI-19-07,,,,,,,,,,,,,,,,,,,,
SI-19-08,,,,,,,,,,,,,,,,,,,checked,
SI-20-00,,,,,,,,,,,,,,,,,,checked,checked,
SI-21-00,,,,,,+,High,,,+,High,,,,,APT,,checked,checked,
SI-22-00,,,,,,,,,,,,,,,,,,checked,checked,
SI-23-00,,,,,,,,,,,,,,,,,,checked,checked,checked
SR-01-00,,+,,X,X,X,"Low,Moderate,High",X,X,X,"Low,Moderate,High",X,X,X,"Low,Moderate,High",Ensure security and privacy collaboration,"a. at a minimum, key cybersecurity and privacy personnel including SAOP or designee 
c.1., c.2. 1st PV: at least annually",checked,,
SR-02-00,,,,X,X,X,"Low,Moderate,High",X,X,X,"Low,Moderate,High",X,X,X,"Low,Moderate,High",,b. at least annually,checked,,
SR-02-01,,,,X,X,X,"Low,Moderate,High",X,X,X,"Low,Moderate,High",X,X,X,"Low,Moderate,High",,,checked,,
SR-03-00,,,,X,X,X,"Low,Moderate,High",X,X,X,"Low,Moderate,High",X,X,X,"Low,Moderate,High",,,checked,,
SR-03-01,,,,,,+,High,,,+,High,,,+,High,APT,,checked,checked,
SR-03-02,,,,,,+,High,,,+,High,,,+,High,"APT,CNSSD No. 505",,checked,checked,
SR-03-03,,,,+,+,+,"Low,Moderate,High",+,+,+,"Low,Moderate,High",+,+,+,"Low,Moderate,High","APT,CNSSD No. 505",,checked,,
SR-04-00,,,,+,+,+,"Low,Moderate,High",+,+,+,"Low,Moderate,High",+,+,+,"Low,Moderate,High","APT,CNSSD No. 505",,checked,checked,checked
SR-04-01,,,,,,,,,,,,,,,,,,checked,checked,
SR-04-02,,,,,,,,,,,,,,,,,,checked,checked,
SR-04-03,,,,,,,,,,,,,,,,,,checked,checked,
SR-04-04,,,,,,,,,,,,,,,,,,checked,checked,
SR-05-00,,,,X,X,X,"Low,Moderate,High",X,X,X,"Low,Moderate,High",X,X,X,"Low,Moderate,High",,,checked,checked,checked
SR-05-01,,,,,,+,High,,,+,High,,,+,High,"APT,CNSSD No. 505",,checked,checked,
SR-05-02,,,,,+,+,"Moderate,High",,+,+,"Moderate,High",,+,+,"Moderate,High","APT,CNSSD No. 505",,checked,,
SR-06-00,,,,+,X,X,"Low,Moderate,High",+,X,X,"Low,Moderate,High",+,X,X,"Low,Moderate,High","APT,CNSSD No. 505",at least annually or as necessitated by events,checked,,checked
SR-06-01,,,,,,+,High,,,+,High,,,+,High,CNSSD No. 505,,checked,checked,
SR-07-00,,,,,,+,High,,,+,High,,,+,High,CNSSD No. 505,,checked,checked,
SR-08-00,,,,X,X,X,"Low,Moderate,High",X,X,X,"Low,Moderate,High",X,X,X,"Low,Moderate,High",,,checked,,
SR-09-00,,,,,,X,High,,,X,High,,,X,High,,,checked,checked,
SR-09-01,,,,,,X,High,,,X,High,,,X,High,,,checked,checked,
SR-10-00,,,,X,X,X,"Low,Moderate,High",X,X,X,"Low,Moderate,High",X,X,X,"Low,Moderate,High",,,checked,checked,
SR-11-00,,,,X,X,X,"Low,Moderate,High",X,X,X,"Low,Moderate,High",X,X,X,"Low,Moderate,High",,,checked,checked,checked
SR-11-01,,,,X,X,X,"Low,Moderate,High",X,X,X,"Low,Moderate,High",X,X,X,"Low,Moderate,High",,,checked,,
SR-11-02,,,,X,X,X,"Low,Moderate,High",X,X,X,"Low,Moderate,High",X,X,X,"Low,Moderate,High",,all system components,checked,,
SR-11-03,,,,,,,,,,,,,,,,,,checked,checked,
SR-12-00,,,,X,X,X,"Low,Moderate,High",X,X,X,"Low,Moderate,High",X,X,X,"Low,Moderate,High",,,checked,,