Security Control ID,Privacy,Low,Moderate,High,Categorization
AC-01-00,checked,x,x,x,"Low,Moderate,High"
AC-02-00,,x,x,x,"Low,Moderate,High"
AC-02-01,,,x,x,"Moderate,High"
AC-02-02,,,x,x,"Moderate,High"
AC-02-03,,,x,x,"Moderate,High"
AC-02-04,,,x,x,"Moderate,High"
AC-02-05,,,x,x,"Moderate,High"
AC-02-06,,,,,
AC-02-07,,,,,
AC-02-08,,,,,
AC-02-09,,,,,
AC-02-10,,,,,
AC-02-11,,,,x,High
AC-02-12,,,,x,High
AC-02-13,,,x,x,"Moderate,High"
AC-03-00,,x,x,x,"Low,Moderate,High"
AC-03-01,,,,,
AC-03-02,,,,,
AC-03-03,,,,,
AC-03-04,,,,,
AC-03-05,,,,,
AC-03-06,,,,,
AC-03-07,,,,,
AC-03-08,,,,,
AC-03-09,,,,,
AC-03-10,,,,,
AC-03-11,,,,,
AC-03-12,,,,,
AC-03-13,,,,,
AC-03-14,checked,,,,
AC-03-15,,,,,
AC-04-00,,,x,x,"Moderate,High"
AC-04-01,,,,,
AC-04-02,,,,,
AC-04-03,,,,,
AC-04-04,,,,x,High
AC-04-05,,,,,
AC-04-06,,,,,
AC-04-07,,,,,
AC-04-08,,,,,
AC-04-09,,,,,
AC-04-10,,,,,
AC-04-11,,,,,
AC-04-12,,,,,
AC-04-13,,,,,
AC-04-14,,,,,
AC-04-15,,,,,
AC-04-16,,,,,
AC-04-17,,,,,
AC-04-18,,,,,
AC-04-19,,,,,
AC-04-20,,,,,
AC-04-21,,,,,
AC-04-22,,,,,
AC-04-23,,,,,
AC-04-24,,,,,
AC-04-25,,,,,
AC-04-26,,,,,
AC-04-27,,,,,
AC-04-28,,,,,
AC-04-29,,,,,
AC-04-30,,,,,
AC-04-31,,,,,
AC-04-32,,,,,
AC-05-00,,,x,x,"Moderate,High"
AC-06-00,,,x,x,"Moderate,High"
AC-06-01,,,x,x,"Moderate,High"
AC-06-02,,,x,x,"Moderate,High"
AC-06-03,,,,x,High
AC-06-04,,,,,
AC-06-05,,,x,x,"Moderate,High"
AC-06-06,,,,,
AC-06-07,,,x,x,"Moderate,High"
AC-06-08,,,,,
AC-06-09,,,x,x,"Moderate,High"
AC-06-10,,,x,x,"Moderate,High"
AC-07-00,,x,x,x,"Low,Moderate,High"
AC-07-01,,,,,
AC-07-02,,,,,
AC-07-03,,,,,
AC-07-04,,,,,
AC-08-00,,x,x,x,"Low,Moderate,High"
AC-09-00,,,,,
AC-09-01,,,,,
AC-09-02,,,,,
AC-09-03,,,,,
AC-09-04,,,,,
AC-10-00,,,,x,High
AC-11-00,,,x,x,"Moderate,High"
AC-11-01,,,x,x,"Moderate,High"
AC-12-00,,,x,x,"Moderate,High"
AC-12-01,,,,,
AC-12-02,,,,,
AC-12-03,,,,,
AC-13-00,,,,,
AC-14-00,,x,x,x,"Low,Moderate,High"
AC-14-01,,,,,
AC-15-00,,,,,
AC-16-00,,,,,
AC-16-01,,,,,
AC-16-02,,,,,
AC-16-03,,,,,
AC-16-04,,,,,
AC-16-05,,,,,
AC-16-06,,,,,
AC-16-07,,,,,
AC-16-08,,,,,
AC-16-09,,,,,
AC-16-10,,,,,
AC-17-00,,x,x,x,"Low,Moderate,High"
AC-17-01,,,x,x,"Moderate,High"
AC-17-02,,,x,x,"Moderate,High"
AC-17-03,,,x,x,"Moderate,High"
AC-17-04,,,x,x,"Moderate,High"
AC-17-05,,,,,
AC-17-06,,,,,
AC-17-07,,,,,
AC-17-08,,,,,
AC-17-09,,,,,
AC-17-10,,,,,
AC-18-00,,x,x,x,"Low,Moderate,High"
AC-18-01,,,x,x,"Moderate,High"
AC-18-02,,,,,
AC-18-03,,,x,x,"Moderate,High"
AC-18-04,,,,x,High
AC-18-05,,,,x,High
AC-19-00,,x,x,x,"Low,Moderate,High"
AC-19-01,,,,,
AC-19-02,,,,,
AC-19-03,,,,,
AC-19-04,,,,,
AC-19-05,,,x,x,"Moderate,High"
AC-20-00,,x,x,x,"Low,Moderate,High"
AC-20-01,,,x,x,"Moderate,High"
AC-20-02,,,x,x,"Moderate,High"
AC-20-03,,,,,
AC-20-04,,,,,
AC-20-05,,,,,
AC-21-00,,,x,x,"Moderate,High"
AC-21-01,,,,,
AC-21-02,,,,,
AC-22-00,,x,x,x,"Low,Moderate,High"
AC-23-00,,,,,
AC-24-00,,,,,
AC-24-01,,,,,
AC-24-02,,,,,
AC-25-00,,,,,
AT-01-00,checked,x,x,x,"Low,Moderate,High"
AT-02-00,checked,x,x,x,"Low,Moderate,High"
AT-02-01,,,,,
AT-02-02,,x,x,x,"Low,Moderate,High"
AT-02-03,,,x,x,"Moderate,High"
AT-02-04,,,,,
AT-02-05,,,,,
AT-02-06,,,,,
AT-03-00,checked,x,x,x,"Low,Moderate,High"
AT-03-01,,,,,
AT-03-02,,,,,
AT-03-03,,,,,
AT-03-04,,,,,
AT-03-05,checked,,,,
AT-04-00,checked,x,x,x,"Low,Moderate,High"
AT-05-00,,,,,
AT-06-00,,,,,
AU-01-00,checked,x,x,x,"Low,Moderate,High"
AU-02-00,checked,x,x,x,"Low,Moderate,High"
AU-02-01,,,,,
AU-02-02,,,,,
AU-02-03,,,,,
AU-02-04,,,,,
AU-03-00,,x,x,x,"Low,Moderate,High"
AU-03-01,,,x,x,"Moderate,High"
AU-03-02,,,,,
AU-03-03,checked,,,,
AU-04-00,,x,x,x,"Low,Moderate,High"
AU-04-01,,,,,
AU-05-00,,x,x,x,"Low,Moderate,High"
AU-05-01,,,,x,High
AU-05-02,,,,x,High
AU-05-03,,,,,
AU-05-04,,,,,
AU-05-05,,,,,
AU-06-00,,x,x,x,"Low,Moderate,High"
AU-06-01,,,x,x,"Moderate,High"
AU-06-02,,,,,
AU-06-03,,,x,x,"Moderate,High"
AU-06-04,,,,,
AU-06-05,,,,x,High
AU-06-06,,,,x,High
AU-06-07,,,,,
AU-06-08,,,,,
AU-06-09,,,,,
AU-06-10,,,,,
AU-07-00,,,x,x,"Moderate,High"
AU-07-01,,,x,x,"Moderate,High"
AU-07-02,,,,,
AU-08-00,,x,x,x,"Low,Moderate,High"
AU-08-01,,,,,
AU-08-02,,,,,
AU-09-00,,x,x,x,"Low,Moderate,High"
AU-09-01,,,,,
AU-09-02,,,,x,High
AU-09-03,,,,x,High
AU-09-04,,,x,x,"Moderate,High"
AU-09-05,,,,,
AU-09-06,,,,,
AU-09-07,,,,,
AU-10-00,,,,x,High
AU-10-01,,,,,
AU-10-02,,,,,
AU-10-03,,,,,
AU-10-04,,,,,
AU-10-05,,,,,
AU-11-00,checked,x,x,x,"Low,Moderate,High"
AU-11-01,,,,,
AU-12-00,,x,x,x,"Low,Moderate,High"
AU-12-01,,,,x,High
AU-12-02,,,,,
AU-12-03,,,,x,High
AU-12-04,,,,,
AU-13-00,,,,,
AU-13-01,,,,,
AU-13-02,,,,,
AU-13-03,,,,,
AU-14-00,,,,,
AU-14-01,,,,,
AU-14-02,,,,,
AU-14-03,,,,,
AU-15-00,,,,,
AU-16-00,,,,,
AU-16-01,,,,,
AU-16-02,,,,,
AU-16-03,,,,,
CA-01-00,checked,x,x,x,"Low,Moderate,High"
CA-02-00,checked,x,x,x,"Low,Moderate,High"
CA-02-01,,,x,x,"Moderate,High"
CA-02-02,,,,x,High
CA-02-03,,,,,
CA-03-00,,x,x,x,"Low,Moderate,High"
CA-03-01,,,,,
CA-03-02,,,,,
CA-03-03,,,,,
CA-03-04,,,,,
CA-03-05,,,,,
CA-03-06,,,,x,High
CA-03-07,,,,,
CA-04-00,,,,,
CA-05-00,checked,x,x,x,"Low,Moderate,High"
CA-05-01,,,,,
CA-06-00,checked,x,x,x,"Low,Moderate,High"
CA-06-01,,,,,
CA-06-02,,,,,
CA-07-00,checked,x,x,x,"Low,Moderate,High"
CA-07-01,,,x,x,"Moderate,High"
CA-07-02,,,,,
CA-07-03,,,,,
CA-07-04,checked,x,x,x,"Low,Moderate,High"
CA-07-05,,,,,
CA-07-06,,,,,
CA-08-00,,,,x,High
CA-08-01,,,,x,High
CA-08-02,,,,,
CA-08-03,,,,,
CA-09-00,,x,x,x,"Low,Moderate,High"
CA-09-01,,,,,
CM-01-00,checked,x,x,x,"Low,Moderate,High"
CM-02-00,,x,x,x,"Low,Moderate,High"
CM-02-01,,,,,
CM-02-02,,,x,x,"Moderate,High"
CM-02-03,,,x,x,"Moderate,High"
CM-02-04,,,,,
CM-02-05,,,,,
CM-02-06,,,,,
CM-02-07,,,x,x,"Moderate,High"
CM-03-00,,,x,x,"Moderate,High"
CM-03-01,,,,x,High
CM-03-02,,,x,x,"Moderate,High"
CM-03-03,,,,,
CM-03-04,,,x,x,"Moderate,High"
CM-03-05,,,,,
CM-03-06,,,,x,High
CM-03-07,,,,,
CM-03-08,,,,,
CM-04-00,checked,x,x,x,"Low,Moderate,High"
CM-04-01,,,,x,High
CM-04-02,,,x,x,"Moderate,High"
CM-05-00,,x,x,x,"Low,Moderate,High"
CM-05-01,,,,x,High
CM-05-02,,,,,
CM-05-03,,,,,
CM-05-04,,,,,
CM-05-05,,,,,
CM-05-06,,,,,
CM-05-07,,,,,
CM-06-00,,x,x,x,"Low,Moderate,High"
CM-06-01,,,,x,High
CM-06-02,,,,x,High
CM-06-03,,,,,
CM-06-04,,,,,
CM-07-00,,x,x,x,"Low,Moderate,High"
CM-07-01,,,x,x,"Moderate,High"
CM-07-02,,,x,x,"Moderate,High"
CM-07-03,,,,,
CM-07-04,,,,,
CM-07-05,,,x,x,"Moderate,High"
CM-07-06,,,,,
CM-07-07,,,,,
CM-07-08,,,,,
CM-07-09,,,,,
CM-08-00,,x,x,x,"Low,Moderate,High"
CM-08-01,,,x,x,"Moderate,High"
CM-08-02,,,,x,High
CM-08-03,,,x,x,"Moderate,High"
CM-08-04,,,,x,High
CM-08-05,,,,,
CM-08-06,,,,,
CM-08-07,,,,,
CM-08-08,,,,,
CM-08-09,,,,,
CM-09-00,,,x,x,"Moderate,High"
CM-09-01,,,,,
CM-10-00,,x,x,x,"Low,Moderate,High"
CM-10-01,,,,,
CM-11-00,,x,x,x,"Low,Moderate,High"
CM-11-01,,,,,
CM-11-02,,,,,
CM-11-03,,,,,
CM-12-00,,,x,x,"Moderate,High"
CM-12-01,,,x,x,"Moderate,High"
CM-13-00,,,,,
CM-14-00,,,,,
CP-01-00,,x,x,x,"Low,Moderate,High"
CP-02-00,,x,x,x,"Low,Moderate,High"
CP-02-01,,,x,x,"Moderate,High"
CP-02-02,,,,x,High
CP-02-03,,,x,x,"Moderate,High"
CP-02-04,,,,,
CP-02-05,,,,x,High
CP-02-06,,,,,
CP-02-07,,,,,
CP-02-08,,,x,x,"Moderate,High"
CP-03-00,,x,x,x,"Low,Moderate,High"
CP-03-01,,,,x,High
CP-03-02,,,,,
CP-04-00,,x,x,x,"Low,Moderate,High"
CP-04-01,,,x,x,"Moderate,High"
CP-04-02,,,,x,High
CP-04-03,,,,,
CP-04-04,,,,,
CP-04-05,,,,,
CP-05-00,,,,,
CP-06-00,,,x,x,"Moderate,High"
CP-06-01,,,x,x,"Moderate,High"
CP-06-02,,,,x,High
CP-06-03,,,x,x,"Moderate,High"
CP-07-00,,,x,x,"Moderate,High"
CP-07-01,,,x,x,"Moderate,High"
CP-07-02,,,x,x,"Moderate,High"
CP-07-03,,,x,x,"Moderate,High"
CP-07-04,,,,x,High
CP-07-05,,,,,
CP-07-06,,,,,
CP-08-00,,,x,x,"Moderate,High"
CP-08-01,,,x,x,"Moderate,High"
CP-08-02,,,x,x,"Moderate,High"
CP-08-03,,,,x,High
CP-08-04,,,,x,High
CP-08-05,,,,,
CP-09-00,,x,x,x,"Low,Moderate,High"
CP-09-01,,,x,x,"Moderate,High"
CP-09-02,,,,x,High
CP-09-03,,,,x,High
CP-09-04,,,,,
CP-09-05,,,,x,High
CP-09-06,,,,,
CP-09-07,,,,,
CP-09-08,,,x,x,"Moderate,High"
CP-10-00,,x,x,x,"Low,Moderate,High"
CP-10-01,,,,,
CP-10-02,,,x,x,"Moderate,High"
CP-10-03,,,,,
CP-10-04,,,,x,High
CP-10-05,,,,,
CP-10-06,,,,,
CP-11-00,,,,,
CP-12-00,,,,,
CP-13-00,,,,,
IA-01-00,,x,x,x,"Low,Moderate,High"
IA-02-00,,x,x,x,"Low,Moderate,High"
IA-02-01,,x,x,x,"Low,Moderate,High"
IA-02-02,,x,x,x,"Low,Moderate,High"
IA-02-03,,,,,
IA-02-04,,,,,
IA-02-05,,,,x,High
IA-02-06,,,,,
IA-02-07,,,,,
IA-02-08,,x,x,x,"Low,Moderate,High"
IA-02-09,,,,,
IA-02-10,,,,,
IA-02-11,,,,,
IA-02-12,,x,x,x,"Low,Moderate,High"
IA-02-13,,,,,
IA-03-00,,,x,x,"Moderate,High"
IA-03-01,,,,,
IA-03-02,,,,,
IA-03-03,,,,,
IA-03-04,,,,,
IA-04-00,,x,x,x,"Low,Moderate,High"
IA-04-01,,,,,
IA-04-02,,,,,
IA-04-03,,,,,
IA-04-04,,,x,x,"Moderate,High"
IA-04-05,,,,,
IA-04-06,,,,,
IA-04-07,,,,,
IA-04-08,,,,,
IA-04-09,,,,,
IA-05-00,,x,x,x,"Low,Moderate,High"
IA-05-01,,x,x,x,"Low,Moderate,High"
IA-05-02,,,x,x,"Moderate,High"
IA-05-03,,,,,
IA-05-04,,,,,
IA-05-05,,,,,
IA-05-06,,,x,x,"Moderate,High"
IA-05-07,,,,,
IA-05-08,,,,,
IA-05-09,,,,,
IA-05-10,,,,,
IA-05-11,,,,,
IA-05-12,,,,,
IA-05-13,,,,,
IA-05-14,,,,,
IA-05-15,,,,,
IA-05-16,,,,,
IA-05-17,,,,,
IA-05-18,,,,,
IA-06-00,,x,x,x,"Low,Moderate,High"
IA-07-00,,x,x,x,"Low,Moderate,High"
IA-08-00,,x,x,x,"Low,Moderate,High"
IA-08-01,,x,x,x,"Low,Moderate,High"
IA-08-02,,x,x,x,"Low,Moderate,High"
IA-08-03,,,,,
IA-08-04,,x,x,x,"Low,Moderate,High"
IA-08-05,,,,,
IA-08-06,,,,,
IA-09-00,,,,,
IA-09-01,,,,,
IA-09-02,,,,,
IA-10-00,,,,,
IA-11-00,,x,x,x,"Low,Moderate,High"
IA-12-00,,,x,x,"Moderate,High"
IA-12-01,,,,,
IA-12-02,,,x,x,"Moderate,High"
IA-12-03,,,x,x,"Moderate,High"
IA-12-04,,,,x,High
IA-12-05,,,x,x,"Moderate,High"
IA-12-06,,,,,
IR-01-00,checked,x,x,x,"Low,Moderate,High"
IR-02-00,checked,x,x,x,"Low,Moderate,High"
IR-02-01,,,,x,High
IR-02-02,,,,x,High
IR-02-03,checked,,,,
IR-03-00,checked,,x,x,"Moderate,High"
IR-03-01,,,,,
IR-03-02,,,x,x,"Moderate,High"
IR-03-03,,,,,
IR-04-00,checked,x,x,x,"Low,Moderate,High"
IR-04-01,,,x,x,"Moderate,High"
IR-04-02,,,,,
IR-04-03,,,,,
IR-04-04,,,,x,High
IR-04-05,,,,,
IR-04-06,,,,,
IR-04-07,,,,,
IR-04-08,,,,,
IR-04-09,,,,,
IR-04-10,,,,,
IR-04-11,,,,x,High
IR-04-12,,,,,
IR-04-13,,,,,
IR-04-14,,,,,
IR-04-15,,,,,
IR-05-00,checked,x,x,x,"Low,Moderate,High"
IR-05-01,,,,x,High
IR-06-00,checked,x,x,x,"Low,Moderate,High"
IR-06-01,,,x,x,"Moderate,High"
IR-06-02,,,,,
IR-06-03,,,x,x,"Moderate,High"
IR-07-00,checked,x,x,x,"Low,Moderate,High"
IR-07-01,,,x,x,"Moderate,High"
IR-07-02,,,,,
IR-08-00,checked,x,x,x,"Low,Moderate,High"
IR-08-01,checked,,,,
IR-09-00,,,,,
IR-09-01,,,,,
IR-09-02,,,,,
IR-09-03,,,,,
IR-09-04,,,,,
IR-10-00,,,,,
MA-01-00,,x,x,x,"Low,Moderate,High"
MA-02-00,,x,x,x,"Low,Moderate,High"
MA-02-01,,,,,
MA-02-02,,,,x,High
MA-03-00,,,x,x,"Moderate,High"
MA-03-01,,,x,x,"Moderate,High"
MA-03-02,,,x,x,"Moderate,High"
MA-03-03,,,x,x,"Moderate,High"
MA-03-04,,,,,
MA-03-05,,,,,
MA-03-06,,,,,
MA-04-00,,x,x,x,"Low,Moderate,High"
MA-04-01,,,,,
MA-04-02,,,,,
MA-04-03,,,,x,High
MA-04-04,,,,,
MA-04-05,,,,,
MA-04-06,,,,,
MA-04-07,,,,,
MA-05-00,,x,x,x,"Low,Moderate,High"
MA-05-01,,,,x,High
MA-05-02,,,,,
MA-05-03,,,,,
MA-05-04,,,,,
MA-05-05,,,,,
MA-06-00,,,x,x,"Moderate,High"
MA-06-01,,,,,
MA-06-02,,,,,
MA-06-03,,,,,
MA-07-00,,,,,
MP-01-00,checked,x,x,x,"Low,Moderate,High"
MP-02-00,,x,x,x,"Low,Moderate,High"
MP-02-01,,,,,
MP-02-02,,,,,
MP-03-00,,,x,x,"Moderate,High"
MP-04-00,,,x,x,"Moderate,High"
MP-04-01,,,,,
MP-04-02,,,,,
MP-05-00,,,x,x,"Moderate,High"
MP-05-01,,,,,
MP-05-02,,,,,
MP-05-03,,,,,
MP-05-04,,,,,
MP-06-00,checked,x,x,x,"Low,Moderate,High"
MP-06-01,,,,x,High
MP-06-02,,,,x,High
MP-06-03,,,,x,High
MP-06-04,,,,,
MP-06-05,,,,,
MP-06-06,,,,,
MP-06-07,,,,,
MP-06-08,,,,,
MP-07-00,,x,x,x,"Low,Moderate,High"
MP-07-01,,,,,
MP-07-02,,,,,
MP-08-00,,,,,
MP-08-01,,,,,
MP-08-02,,,,,
MP-08-03,,,,,
MP-08-04,,,,,
PE-01-00,,x,x,x,"Low,Moderate,High"
PE-02-00,,x,x,x,"Low,Moderate,High"
PE-02-01,,,,,
PE-02-02,,,,,
PE-02-03,,,,,
PE-03-00,,x,x,x,"Low,Moderate,High"
PE-03-01,,,,x,High
PE-03-02,,,,,
PE-03-03,,,,,
PE-03-04,,,,,
PE-03-05,,,,,
PE-03-06,,,,,
PE-03-07,,,,,
PE-03-08,,,,,
PE-04-00,,,x,x,"Moderate,High"
PE-05-00,,,x,x,"Moderate,High"
PE-05-01,,,,,
PE-05-02,,,,,
PE-05-03,,,,,
PE-06-00,,x,x,x,"Low,Moderate,High"
PE-06-01,,,x,x,"Moderate,High"
PE-06-02,,,,,
PE-06-03,,,,,
PE-06-04,,,,x,High
PE-07-00,,,,,
PE-08-00,,x,x,x,"Low,Moderate,High"
PE-08-01,,,,x,High
PE-08-02,,,,,
PE-08-03,checked,,,,
PE-09-00,,,x,x,"Moderate,High"
PE-09-01,,,,,
PE-09-02,,,,,
PE-10-00,,,x,x,"Moderate,High"
PE-10-01,,,,,
PE-11-00,,,x,x,"Moderate,High"
PE-11-01,,,,x,High
PE-11-02,,,,,
PE-12-00,,x,x,x,"Low,Moderate,High"
PE-12-01,,,,,
PE-13-00,,x,x,x,"Low,Moderate,High"
PE-13-01,,,x,x,"Moderate,High"
PE-13-02,,,,x,High
PE-13-03,,,,,
PE-13-04,,,,,
PE-14-00,,x,x,x,"Low,Moderate,High"
PE-14-01,,,,,
PE-14-02,,,,,
PE-15-00,,x,x,x,"Low,Moderate,High"
PE-15-01,,,,x,High
PE-16-00,,x,x,x,"Low,Moderate,High"
PE-17-00,,,x,x,"Moderate,High"
PE-18-00,,,,x,High
PE-18-01,,,,,
PE-19-00,,,,,
PE-19-01,,,,,
PE-20-00,,,,,
PE-21-00,,,,,
PE-22-00,,,,,
PE-23-00,,,,,
PL-01-00,checked,x,x,x,"Low,Moderate,High"
PL-02-00,checked,x,x,x,"Low,Moderate,High"
PL-02-01,,,,,
PL-02-02,,,,,
PL-02-03,,,,,
PL-03-00,,,,,
PL-04-00,checked,x,x,x,"Low,Moderate,High"
PL-04-01,checked,x,x,x,"Low,Moderate,High"
PL-05-00,,,,,
PL-06-00,,,,,
PL-07-00,,,,,
PL-08-00,checked,,x,x,"Moderate,High"
PL-08-01,,,,,
PL-08-02,,,,,
PL-09-00,checked,,,,
PL-10-00,,x,x,x,"Low,Moderate,High"
PL-11-00,,x,x,x,"Low,Moderate,High"
PM-01-00,,N/A - Deployed organization-wide,N/A - Deployed organization-wide,N/A - Deployed organization-wide,
PM-02-00,,N/A - Deployed organization-wide,N/A - Deployed organization-wide,N/A - Deployed organization-wide,
PM-03-00,checked,N/A - Deployed organization-wide,N/A - Deployed organization-wide,N/A - Deployed organization-wide,
PM-04-00,checked,N/A - Deployed organization-wide,N/A - Deployed organization-wide,N/A - Deployed organization-wide,
PM-05-00,,N/A - Deployed organization-wide,N/A - Deployed organization-wide,N/A - Deployed organization-wide,
PM-05-01,checked,N/A - Deployed organization-wide,N/A - Deployed organization-wide,N/A - Deployed organization-wide,
PM-06-00,checked,N/A - Deployed organization-wide,N/A - Deployed organization-wide,N/A - Deployed organization-wide,
PM-07-00,checked,N/A - Deployed organization-wide,N/A - Deployed organization-wide,N/A - Deployed organization-wide,
PM-07-01,,N/A - Deployed organization-wide,N/A - Deployed organization-wide,N/A - Deployed organization-wide,
PM-08-00,checked,N/A - Deployed organization-wide,N/A - Deployed organization-wide,N/A - Deployed organization-wide,
PM-09-00,checked,N/A - Deployed organization-wide,N/A - Deployed organization-wide,N/A - Deployed organization-wide,
PM-10-00,checked,N/A - Deployed organization-wide,N/A - Deployed organization-wide,N/A - Deployed organization-wide,
PM-11-00,checked,N/A - Deployed organization-wide,N/A - Deployed organization-wide,N/A - Deployed organization-wide,
PM-12-00,,N/A - Deployed organization-wide,N/A - Deployed organization-wide,N/A - Deployed organization-wide,
PM-13-00,checked,N/A - Deployed organization-wide,N/A - Deployed organization-wide,N/A - Deployed organization-wide,
PM-14-00,checked,N/A - Deployed organization-wide,N/A - Deployed organization-wide,N/A - Deployed organization-wide,
PM-15-00,,N/A - Deployed organization-wide,N/A - Deployed organization-wide,N/A - Deployed organization-wide,
PM-16-00,,N/A - Deployed organization-wide,N/A - Deployed organization-wide,N/A - Deployed organization-wide,
PM-16-01,,N/A - Deployed organization-wide,N/A - Deployed organization-wide,N/A - Deployed organization-wide,
PM-17-00,checked,N/A - Deployed organization-wide,N/A - Deployed organization-wide,N/A - Deployed organization-wide,
PM-18-00,checked,N/A - Deployed organization-wide,N/A - Deployed organization-wide,N/A - Deployed organization-wide,
PM-19-00,checked,N/A - Deployed organization-wide,N/A - Deployed organization-wide,N/A - Deployed organization-wide,
PM-20-00,checked,N/A - Deployed organization-wide,N/A - Deployed organization-wide,N/A - Deployed organization-wide,
PM-20-01,checked,N/A - Deployed organization-wide,N/A - Deployed organization-wide,N/A - Deployed organization-wide,
PM-21-00,checked,N/A - Deployed organization-wide,N/A - Deployed organization-wide,N/A - Deployed organization-wide,
PM-22-00,checked,N/A - Deployed organization-wide,N/A - Deployed organization-wide,N/A - Deployed organization-wide,
PM-23-00,,N/A - Deployed organization-wide,N/A - Deployed organization-wide,N/A - Deployed organization-wide,
PM-24-00,checked,N/A - Deployed organization-wide,N/A - Deployed organization-wide,N/A - Deployed organization-wide,
PM-25-00,checked,N/A - Deployed organization-wide,N/A - Deployed organization-wide,N/A - Deployed organization-wide,
PM-26-00,checked,N/A - Deployed organization-wide,N/A - Deployed organization-wide,N/A - Deployed organization-wide,
PM-27-00,checked,N/A - Deployed organization-wide,N/A - Deployed organization-wide,N/A - Deployed organization-wide,
PM-28-00,checked,N/A - Deployed organization-wide,N/A - Deployed organization-wide,N/A - Deployed organization-wide,
PM-29-00,,N/A - Deployed organization-wide,N/A - Deployed organization-wide,N/A - Deployed organization-wide,
PM-30-00,,N/A - Deployed organization-wide,N/A - Deployed organization-wide,N/A - Deployed organization-wide,
PM-30-01,,N/A - Deployed organization-wide,N/A - Deployed organization-wide,N/A - Deployed organization-wide,
PM-31-00,checked,N/A - Deployed organization-wide,N/A - Deployed organization-wide,N/A - Deployed organization-wide,
PM-32-00,,N/A - Deployed organization-wide,N/A - Deployed organization-wide,N/A - Deployed organization-wide,
PS-01-00,,x,x,x,"Low,Moderate,High"
PS-02-00,,x,x,x,"Low,Moderate,High"
PS-03-00,,x,x,x,"Low,Moderate,High"
PS-03-01,,,,,
PS-03-02,,,,,
PS-03-03,,,,,
PS-03-04,,,,,
PS-04-00,,x,x,x,"Low,Moderate,High"
PS-04-01,,,,,
PS-04-02,,,,x,High
PS-05-00,,x,x,x,"Low,Moderate,High"
PS-06-00,checked,x,x,x,"Low,Moderate,High"
PS-06-01,,,,,
PS-06-02,,,,,
PS-06-03,,,,,
PS-07-00,,x,x,x,"Low,Moderate,High"
PS-08-00,,x,x,x,"Low,Moderate,High"
PS-09-00,,x,x,x,"Low,Moderate,High"
PT-01-00,checked,Not allocated to security control baselines,Not allocated to security control baselines,Not allocated to security control baselines,
PT-02-00,checked,Not allocated to security control baselines,Not allocated to security control baselines,Not allocated to security control baselines,
PT-02-01,,Not allocated to security control baselines,Not allocated to security control baselines,Not allocated to security control baselines,
PT-02-02,,Not allocated to security control baselines,Not allocated to security control baselines,Not allocated to security control baselines,
PT-03-00,checked,Not allocated to security control baselines,Not allocated to security control baselines,Not allocated to security control baselines,
PT-03-01,,Not allocated to security control baselines,Not allocated to security control baselines,Not allocated to security control baselines,
PT-03-02,,Not allocated to security control baselines,Not allocated to security control baselines,Not allocated to security control baselines,
PT-04-00,checked,Not allocated to security control baselines,Not allocated to security control baselines,Not allocated to security control baselines,
PT-04-01,,Not allocated to security control baselines,Not allocated to security control baselines,Not allocated to security control baselines,
PT-04-02,,Not allocated to security control baselines,Not allocated to security control baselines,Not allocated to security control baselines,
PT-04-03,,Not allocated to security control baselines,Not allocated to security control baselines,Not allocated to security control baselines,
PT-05-00,checked,Not allocated to security control baselines,Not allocated to security control baselines,Not allocated to security control baselines,
PT-05-01,,Not allocated to security control baselines,Not allocated to security control baselines,Not allocated to security control baselines,
PT-05-02,checked,Not allocated to security control baselines,Not allocated to security control baselines,Not allocated to security control baselines,
PT-06-00,checked,Not allocated to security control baselines,Not allocated to security control baselines,Not allocated to security control baselines,
PT-06-01,checked,Not allocated to security control baselines,Not allocated to security control baselines,Not allocated to security control baselines,
PT-06-02,checked,Not allocated to security control baselines,Not allocated to security control baselines,Not allocated to security control baselines,
PT-07-00,checked,Not allocated to security control baselines,Not allocated to security control baselines,Not allocated to security control baselines,
PT-07-01,checked,Not allocated to security control baselines,Not allocated to security control baselines,Not allocated to security control baselines,
PT-07-02,checked,Not allocated to security control baselines,Not allocated to security control baselines,Not allocated to security control baselines,
PT-08-00,checked,Not allocated to security control baselines,Not allocated to security control baselines,Not allocated to security control baselines,
RA-01-00,checked,x,x,x,"Low,Moderate,High"
RA-02-00,,x,x,x,"Low,Moderate,High"
RA-02-01,,,,,
RA-03-00,checked,x,x,x,"Low,Moderate,High"
RA-03-01,,x,x,x,"Low,Moderate,High"
RA-03-02,,,,,
RA-03-03,,,,,
RA-03-04,,,,,
RA-04-00,,,,,
RA-05-00,,x,x,x,"Low,Moderate,High"
RA-05-01,,,,,
RA-05-02,,x,x,x,"Low,Moderate,High"
RA-05-03,,,,,
RA-05-04,,,,x,High
RA-05-05,,,x,x,"Moderate,High"
RA-05-06,,,,,
RA-05-07,,,,,
RA-05-08,,,,,
RA-05-09,,,,,
RA-05-10,,,,,
RA-05-11,,x,x,x,"Low,Moderate,High"
RA-06-00,,,,,
RA-07-00,checked,x,x,x,"Low,Moderate,High"
RA-08-00,checked,,,,
RA-09-00,,,x,x,"Moderate,High"
RA-10-00,,,,,
SA-01-00,checked,x,x,x,"Low,Moderate,High"
SA-02-00,checked,x,x,x,"Low,Moderate,High"
SA-03-00,checked,x,x,x,"Low,Moderate,High"
SA-03-01,,,,,
SA-03-02,,,,,
SA-03-03,,,,,
SA-04-00,checked,x,x,x,"Low,Moderate,High"
SA-04-01,,,x,x,"Moderate,High"
SA-04-02,,,x,x,"Moderate,High"
SA-04-03,,,,,
SA-04-04,,,,,
SA-04-05,,,,x,High
SA-04-06,,,,,
SA-04-07,,,,,
SA-04-08,,,,,
SA-04-09,,,x,x,"Moderate,High"
SA-04-10,,x,x,x,"Low,Moderate,High"
SA-04-11,,,,,
SA-04-12,,,,,
SA-05-00,,x,x,x,"Low,Moderate,High"
SA-05-01,,,,,
SA-05-02,,,,,
SA-05-03,,,,,
SA-05-04,,,,,
SA-05-05,,,,,
SA-06-00,,,,,
SA-07-00,,,,,
SA-08-00,,x,x,x,"Low,Moderate,High"
SA-08-01,,,,,
SA-08-02,,,,,
SA-08-03,,,,,
SA-08-04,,,,,
SA-08-05,,,,,
SA-08-06,,,,,
SA-08-07,,,,,
SA-08-08,,,,,
SA-08-09,,,,,
SA-08-10,,,,,
SA-08-11,,,,,
SA-08-12,,,,,
SA-08-13,,,,,
SA-08-14,,,,,
SA-08-15,,,,,
SA-08-16,,,,,
SA-08-17,,,,,
SA-08-18,,,,,
SA-08-19,,,,,
SA-08-20,,,,,
SA-08-21,,,,,
SA-08-22,,,,,
SA-08-23,,,,,
SA-08-24,,,,,
SA-08-25,,,,,
SA-08-26,,,,,
SA-08-27,,,,,
SA-08-28,,,,,
SA-08-29,,,,,
SA-08-30,,,,,
SA-08-31,,,,,
SA-08-32,,,,,
SA-08-33,checked,,,,
SA-09-00,checked,x,x,x,"Low,Moderate,High"
SA-09-01,,,,,
SA-09-02,,,x,x,"Moderate,High"
SA-09-03,,,,,
SA-09-04,,,,,
SA-09-05,,,,,
SA-09-06,,,,,
SA-09-07,,,,,
SA-09-08,,,,,
SA-10-00,,,x,x,"Moderate,High"
SA-10-01,,,,,
SA-10-02,,,,,
SA-10-03,,,,,
SA-10-04,,,,,
SA-10-05,,,,,
SA-10-06,,,,,
SA-10-07,,,,,
SA-11-00,checked,,x,x,"Moderate,High"
SA-11-01,,,,,
SA-11-02,,,,,
SA-11-03,,,,,
SA-11-04,,,,,
SA-11-05,,,,,
SA-11-06,,,,,
SA-11-07,,,,,
SA-11-08,,,,,
SA-11-09,,,,,
SA-12-00,,,,,
SA-12-01,,,,,
SA-12-02,,,,,
SA-12-03,,,,,
SA-12-04,,,,,
SA-12-05,,,,,
SA-12-06,,,,,
SA-12-07,,,,,
SA-12-08,,,,,
SA-12-09,,,,,
SA-12-10,,,,,
SA-12-11,,,,,
SA-12-12,,,,,
SA-12-13,,,,,
SA-12-14,,,,,
SA-12-15,,,,,
SA-13-00,,,,,
SA-14-00,,,,,
SA-14-01,,,,,
SA-15-00,,,x,x,"Moderate,High"
SA-15-01,,,,,
SA-15-02,,,,,
SA-15-03,,,x,x,"Moderate,High"
SA-15-04,,,,,
SA-15-05,,,,,
SA-15-06,,,,,
SA-15-07,,,,,
SA-15-08,,,,,
SA-15-09,,,,,
SA-15-10,,,,,
SA-15-11,,,,,
SA-15-12,,,,,
SA-16-00,,,,x,High
SA-17-00,,,,x,High
SA-17-01,,,,,
SA-17-02,,,,,
SA-17-03,,,,,
SA-17-04,,,,,
SA-17-05,,,,,
SA-17-06,,,,,
SA-17-07,,,,,
SA-17-08,,,,,
SA-17-09,,,,,
SA-18-00,,,,,
SA-18-01,,,,,
SA-18-02,,,,,
SA-19-00,,,,,
SA-19-01,,,,,
SA-19-02,,,,,
SA-19-03,,,,,
SA-19-04,,,,,
SA-20-00,,,,,
SA-21-00,,,,x,High
SA-21-01,,,,,
SA-22-00,,x,x,x,"Low,Moderate,High"
SA-22-01,,,,,
SA-23-00,,,,,
SC-01-00,,x,x,x,"Low,Moderate,High"
SC-02-00,,,x,x,"Moderate,High"
SC-02-01,,,,,
SC-02-02,,,,,
SC-03-00,,,,x,High
SC-03-01,,,,,
SC-03-02,,,,,
SC-03-03,,,,,
SC-03-04,,,,,
SC-03-05,,,,,
SC-04-00,,,x,x,"Moderate,High"
SC-04-01,,,,,
SC-04-02,,,,,
SC-05-00,,x,x,x,"Low,Moderate,High"
SC-05-01,,,,,
SC-05-02,,,,,
SC-05-03,,,,,
SC-06-00,,,,,
SC-07-00,,x,x,x,"Low,Moderate,High"
SC-07-01,,,,,
SC-07-02,,,,,
SC-07-03,,,x,x,"Moderate,High"
SC-07-04,,,x,x,"Moderate,High"
SC-07-05,,,x,x,"Moderate,High"
SC-07-06,,,,,
SC-07-07,,,x,x,"Moderate,High"
SC-07-08,,,x,x,"Moderate,High"
SC-07-09,,,,,
SC-07-10,,,,,
SC-07-11,,,,,
SC-07-12,,,,,
SC-07-13,,,,,
SC-07-14,,,,,
SC-07-15,,,,,
SC-07-16,,,,,
SC-07-17,,,,,
SC-07-18,,,,x,High
SC-07-19,,,,,
SC-07-20,,,,,
SC-07-21,,,,x,High
SC-07-22,,,,,
SC-07-23,,,,,
SC-07-24,checked,,,,
SC-07-25,,,,,
SC-07-26,,,,,
SC-07-27,,,,,
SC-07-28,,,,,
SC-07-29,,,,,
SC-08-00,,,x,x,"Moderate,High"
SC-08-01,,,x,x,"Moderate,High"
SC-08-02,,,,,
SC-08-03,,,,,
SC-08-04,,,,,
SC-08-05,,,,,
SC-09-00,,,,,
SC-10-00,,,x,x,"Moderate,High"
SC-11-00,,,,,
SC-11-01,,,,,
SC-12-00,,x,x,x,"Low,Moderate,High"
SC-12-01,,,,x,High
SC-12-02,,,,,
SC-12-03,,,,,
SC-12-04,,,,,
SC-12-05,,,,,
SC-12-06,,,,,
SC-13-00,,x,x,x,"Low,Moderate,High"
SC-13-01,,,,,
SC-13-02,,,,,
SC-13-03,,,,,
SC-13-04,,,,,
SC-14-00,,,,,
SC-15-00,,x,x,x,"Low,Moderate,High"
SC-15-01,,,,,
SC-15-02,,,,,
SC-15-03,,,,,
SC-15-04,,,,,
SC-16-00,,,,,
SC-16-01,,,,,
SC-16-02,,,,,
SC-16-03,,,,,
SC-17-00,,,x,x,"Moderate,High"
SC-18-00,,,x,x,"Moderate,High"
SC-18-01,,,,,
SC-18-02,,,,,
SC-18-03,,,,,
SC-18-04,,,,,
SC-18-05,,,,,
SC-19-00,,,,,
SC-20-00,,x,x,x,"Low,Moderate,High"
SC-20-01,,,,,
SC-20-02,,,,,
SC-21-00,,x,x,x,"Low,Moderate,High"
SC-21-01,,,,,
SC-22-00,,x,x,x,"Low,Moderate,High"
SC-23-00,,,x,x,"Moderate,High"
SC-23-01,,,,,
SC-23-02,,,,,
SC-23-03,,,,,
SC-23-04,,,,,
SC-23-05,,,,,
SC-24-00,,,,x,High
SC-25-00,,,,,
SC-26-00,,,,,
SC-26-01,,,,,
SC-27-00,,,,,
SC-28-00,,,x,x,"Moderate,High"
SC-28-01,,,x,x,"Moderate,High"
SC-28-02,,,,,
SC-28-03,,,,,
SC-29-00,,,,,
SC-29-01,,,,,
SC-30-00,,,,,
SC-30-01,,,,,
SC-30-02,,,,,
SC-30-03,,,,,
SC-30-04,,,,,
SC-30-05,,,,,
SC-31-00,,,,,
SC-31-01,,,,,
SC-31-02,,,,,
SC-31-03,,,,,
SC-32-00,,,,,
SC-32-01,,,,,
SC-33-00,,,,,
SC-34-00,,,,,
SC-34-01,,,,,
SC-34-02,,,,,
SC-34-03,,,,,
SC-35-00,,,,,
SC-36-00,,,,,
SC-36-01,,,,,
SC-36-02,,,,,
SC-37-00,,,,,
SC-37-01,,,,,
SC-38-00,,,,,
SC-39-00,,x,x,x,"Low,Moderate,High"
SC-39-01,,,,,
SC-39-02,,,,,
SC-40-00,,,,,
SC-40-01,,,,,
SC-40-02,,,,,
SC-40-03,,,,,
SC-40-04,,,,,
SC-41-00,,,,,
SC-42-00,,,,,
SC-42-01,,,,,
SC-42-02,,,,,
SC-42-03,,,,,
SC-42-04,,,,,
SC-42-05,,,,,
SC-43-00,,,,,
SC-44-00,,,,,
SC-45-00,,,,,
SC-45-01,,,,,
SC-45-02,,,,,
SC-46-00,,,,,
SC-47-00,,,,,
SC-48-00,,,,,
SC-48-01,,,,,
SC-49-00,,,,,
SC-50-00,,,,,
SC-51-00,,,,,
SI-01-00,checked,x,x,x,"Low,Moderate,High"
SI-02-00,,x,x,x,"Low,Moderate,High"
SI-02-01,,,,,
SI-02-02,,,x,x,"Moderate,High"
SI-02-03,,,,,
SI-02-04,,,,,
SI-02-05,,,,,
SI-02-06,,,,,
SI-03-00,,x,x,x,"Low,Moderate,High"
SI-03-01,,,,,
SI-03-02,,,,,
SI-03-03,,,,,
SI-03-04,,,,,
SI-03-05,,,,,
SI-03-06,,,,,
SI-03-07,,,,,
SI-03-08,,,,,
SI-03-09,,,,,
SI-03-10,,,,,
SI-04-00,,x,x,x,"Low,Moderate,High"
SI-04-01,,,,,
SI-04-02,,,x,x,"Moderate,High"
SI-04-03,,,,,
SI-04-04,,,x,x,"Moderate,High"
SI-04-05,,,x,x,"Moderate,High"
SI-04-06,,,,,
SI-04-07,,,,,
SI-04-08,,,,,
SI-04-09,,,,,
SI-04-10,,,,x,High
SI-04-11,,,,,
SI-04-12,,,,x,High
SI-04-13,,,,,
SI-04-14,,,,x,High
SI-04-15,,,,,
SI-04-16,,,,,
SI-04-17,,,,,
SI-04-18,,,,,
SI-04-19,,,,,
SI-04-20,,,,x,High
SI-04-21,,,,,
SI-04-22,,,,x,High
SI-04-23,,,,,
SI-04-24,,,,,
SI-04-25,,,,,
SI-05-00,,x,x,x,"Low,Moderate,High"
SI-05-01,,,,x,High
SI-06-00,,,,x,High
SI-06-01,,,,,
SI-06-02,,,,,
SI-06-03,,,,,
SI-07-00,,,x,x,"Moderate,High"
SI-07-01,,,x,x,"Moderate,High"
SI-07-02,,,,x,High
SI-07-03,,,,,
SI-07-04,,,,,
SI-07-05,,,,x,High
SI-07-06,,,,,
SI-07-07,,,x,x,"Moderate,High"
SI-07-08,,,,,
SI-07-09,,,,,
SI-07-10,,,,,
SI-07-11,,,,,
SI-07-12,,,,,
SI-07-13,,,,,
SI-07-14,,,,,
SI-07-15,,,,x,High
SI-07-16,,,,,
SI-07-17,,,,,
SI-08-00,,,x,x,"Moderate,High"
SI-08-01,,,,,
SI-08-02,,,x,x,"Moderate,High"
SI-08-03,,,,,
SI-09-00,,,,,
SI-10-00,,,x,x,"Moderate,High"
SI-10-01,,,,,
SI-10-02,,,,,
SI-10-03,,,,,
SI-10-04,,,,,
SI-10-05,,,,,
SI-10-06,,,,,
SI-11-00,,,x,x,"Moderate,High"
SI-12-00,checked,x,x,x,"Low,Moderate,High"
SI-12-01,checked,,,,
SI-12-02,checked,,,,
SI-12-03,checked,,,,
SI-13-00,,,,,
SI-13-01,,,,,
SI-13-02,,,,,
SI-13-03,,,,,
SI-13-04,,,,,
SI-13-05,,,,,
SI-14-00,,,,,
SI-14-01,,,,,
SI-14-02,,,,,
SI-14-03,,,,,
SI-15-00,,,,,
SI-16-00,,,x,x,"Moderate,High"
SI-17-00,,,,,
SI-18-00,checked,,,,
SI-18-01,,,,,
SI-18-02,,,,,
SI-18-03,,,,,
SI-18-04,checked,,,,
SI-18-05,,,,,
SI-19-00,checked,,,,
SI-19-01,,,,,
SI-19-02,,,,,
SI-19-03,,,,,
SI-19-04,,,,,
SI-19-05,,,,,
SI-19-06,,,,,
SI-19-07,,,,,
SI-19-08,,,,,
SI-20-00,,,,,
SI-21-00,,,,,
SI-22-00,,,,,
SI-23-00,,,,,
SR-01-00,,x,x,x,"Low,Moderate,High"
SR-02-00,,x,x,x,"Low,Moderate,High"
SR-02-01,,x,x,x,"Low,Moderate,High"
SR-03-00,,x,x,x,"Low,Moderate,High"
SR-03-01,,,,,
SR-03-02,,,,,
SR-03-03,,,,,
SR-04-00,,,,,
SR-04-01,,,,,
SR-04-02,,,,,
SR-04-03,,,,,
SR-04-04,,,,,
SR-05-00,,x,x,x,"Low,Moderate,High"
SR-05-01,,,,,
SR-05-02,,,,,
SR-06-00,,,x,x,"Moderate,High"
SR-06-01,,,,,
SR-07-00,,,,,
SR-08-00,,x,x,x,"Low,Moderate,High"
SR-09-00,,,,x,High
SR-09-01,,,,x,High
SR-10-00,,x,x,x,"Low,Moderate,High"
SR-11-00,,x,x,x,"Low,Moderate,High"
SR-11-01,,x,x,x,"Low,Moderate,High"
SR-11-02,,x,x,x,"Low,Moderate,High"
SR-11-03,,,,,
SR-12-00,,x,x,x,"Low,Moderate,High"